id,name,country,water_type,area_sqm,elevation,length_m,lat,lon,os_map,google_sat,compactness,aspect_ratio,area_hectares
0,Loch Coire an Lochain,Scotland,,90994,995.1,493,57.08278,-3.74558,https://tarns.netlify.app/?id=0,"https://www.google.com/maps/@?api=1&map_action=map&center=57.08278,-3.74558&zoom=15&basemap=satellite",0.691,1.82,9.1
1,Lochan Uaine,Scotland,,38289,952.5,311,57.063,-3.64877,https://tarns.netlify.app/?id=1,"https://www.google.com/maps/@?api=1&map_action=map&center=57.063,-3.64877&zoom=15&basemap=satellite",0.637,1.1,3.83
2,Dubh Lochan,Scotland,,53046,930.9,316,57.07419,-3.49194,https://tarns.netlify.app/?id=2,"https://www.google.com/maps/@?api=1&map_action=map&center=57.07419,-3.49194&zoom=15&basemap=satellite",0.715,1.1,5.3
3,Loch a Choire Dhomhain,Scotland,,18806,925.6,200,57.29288,-5.08937,https://tarns.netlify.app/?id=3,"https://www.google.com/maps/@?api=1&map_action=map&center=57.29288,-5.08937&zoom=15&basemap=satellite",0.744,1.49,1.88
4,Loch Etchachan,Scotland,,270648,925.5,923,57.08306,-3.64012,https://tarns.netlify.app/?id=4,"https://www.google.com/maps/@?api=1&map_action=map&center=57.08306,-3.64012&zoom=15&basemap=satellite",0.558,1.68,27.06
5,(unnamed),Scotland,,7405,914.1,113,57.10555,-3.6832,https://tarns.netlify.app/?id=5,"https://www.google.com/maps/@?api=1&map_action=map&center=57.10555,-3.6832&zoom=15&basemap=satellite",0.686,1.03,0.74
6,Lochan Uaine,Scotland,,47572,911.8,348,57.06115,-3.71699,https://tarns.netlify.app/?id=6,"https://www.google.com/maps/@?api=1&map_action=map&center=57.06115,-3.71699&zoom=15&basemap=satellite",0.762,1.63,4.76
7,Lochan Uaine,Scotland,,20327,900.2,289,56.95717,-4.59864,https://tarns.netlify.app/?id=7,"https://www.google.com/maps/@?api=1&map_action=map&center=56.95717,-4.59864&zoom=15&basemap=satellite",0.701,2.84,2.03
8,Loch Uaine,Scotland,,5686,898.7,131,57.2829,-5.11588,https://tarns.netlify.app/?id=8,"https://www.google.com/maps/@?api=1&map_action=map&center=57.2829,-5.11588&zoom=15&basemap=satellite",0.524,1.11,0.57
9,Loch nan Eun,Scotland,,78303,897.8,398,56.9532,-3.2678,https://tarns.netlify.app/?id=9,"https://www.google.com/maps/@?api=1&map_action=map&center=56.9532,-3.2678&zoom=15&basemap=satellite",0.729,1.02,7.83
10,(unnamed),Scotland,,7144,872.2,241,57.08719,-3.53544,https://tarns.netlify.app/?id=10,"https://www.google.com/maps/@?api=1&map_action=map&center=57.08719,-3.53544&zoom=15&basemap=satellite",0.352,2.69,0.71
11,Loch nan Stuirteag,Scotland,,39048,866.4,353,57.04039,-3.74617,https://tarns.netlify.app/?id=11,"https://www.google.com/maps/@?api=1&map_action=map&center=57.04039,-3.74617&zoom=15&basemap=satellite",0.536,1.47,3.9
12,(unnamed),Scotland,pond,10435,862.8,161,57.10539,-4.2565,https://tarns.netlify.app/?id=12,"https://www.google.com/maps/@?api=1&map_action=map&center=57.10539,-4.2565&zoom=15&basemap=satellite",0.68,1.44,1.04
13,Loch nan Cnapan,Scotland,,24400,862.7,291,57.04286,-3.78651,https://tarns.netlify.app/?id=13,"https://www.google.com/maps/@?api=1&map_action=map&center=57.04286,-3.78651&zoom=15&basemap=satellite",0.676,2.24,2.44
14,(unnamed),Scotland,,9393,857.7,272,56.87938,-3.31354,https://tarns.netlify.app/?id=14,"https://www.google.com/maps/@?api=1&map_action=map&center=56.87938,-3.31354&zoom=15&basemap=satellite",0.623,4.91,0.94
15,Lochan Uaine,Scotland,,5367,850.8,195,57.79375,-4.92534,https://tarns.netlify.app/?id=15,"https://www.google.com/maps/@?api=1&map_action=map&center=57.79375,-4.92534&zoom=15&basemap=satellite",0.332,2.32,0.54
16,Loch a' Choinich,Scotland,,8290,850.7,123,57.20544,-5.07765,https://tarns.netlify.app/?id=16,"https://www.google.com/maps/@?api=1&map_action=map&center=57.20544,-5.07765&zoom=15&basemap=satellite",0.775,1.4,0.83
17,(unnamed),Scotland,,6610,849.9,150,56.88158,-3.44486,https://tarns.netlify.app/?id=17,"https://www.google.com/maps/@?api=1&map_action=map&center=56.88158,-3.44486&zoom=15&basemap=satellite",0.653,2.12,0.66
18,(unnamed),Scotland,,6273,848.7,149,56.9555,-3.27351,https://tarns.netlify.app/?id=18,"https://www.google.com/maps/@?api=1&map_action=map&center=56.9555,-3.27351&zoom=15&basemap=satellite",0.732,2.58,0.63
19,(unnamed),Scotland,,8599,838.9,133,56.82136,-4.9545,https://tarns.netlify.app/?id=19,"https://www.google.com/maps/@?api=1&map_action=map&center=56.82136,-4.9545&zoom=15&basemap=satellite",0.696,1.19,0.86
20,(unnamed),Scotland,,8851,821.9,207,56.82483,-4.87402,https://tarns.netlify.app/?id=20,"https://www.google.com/maps/@?api=1&map_action=map&center=56.82483,-4.87402&zoom=15&basemap=satellite",0.69,3.34,0.89
21,(unnamed),Scotland,pond,19523,820.8,180,56.74337,-4.53292,https://tarns.netlify.app/?id=21,"https://www.google.com/maps/@?api=1&map_action=map&center=56.74337,-4.53292&zoom=15&basemap=satellite",0.769,1.17,1.95
22,(unnamed),Scotland,,5342,819.7,99,56.83317,-4.84804,https://tarns.netlify.app/?id=22,"https://www.google.com/maps/@?api=1&map_action=map&center=56.83317,-4.84804&zoom=15&basemap=satellite",0.775,1.19,0.53
23,Gorm Lochan,Scotland,,17718,814.3,207,57.17184,-5.10356,https://tarns.netlify.app/?id=23,"https://www.google.com/maps/@?api=1&map_action=map&center=57.17184,-5.10356&zoom=15&basemap=satellite",0.722,1.43,1.77
24,Lochan Coire Choille-rais,Scotland,,78021,804.1,355,56.94506,-4.57693,https://tarns.netlify.app/?id=24,"https://www.google.com/maps/@?api=1&map_action=map&center=56.94506,-4.57693&zoom=15&basemap=satellite",0.806,1.2,7.8
25,Loch Coire Cheap,Scotland,,39116,802.4,272,56.84612,-4.49425,https://tarns.netlify.app/?id=25,"https://www.google.com/maps/@?api=1&map_action=map&center=56.84612,-4.49425&zoom=15&basemap=satellite",0.763,1.21,3.91
26,Sandy Loch,Scotland,lake,47090,797.7,302,56.9627,-3.27087,https://tarns.netlify.app/?id=26,"https://www.google.com/maps/@?api=1&map_action=map&center=56.9627,-3.27087&zoom=15&basemap=satellite",0.705,1.03,4.71
27,(unnamed),Scotland,,7974,793.6,168,56.84963,-4.49132,https://tarns.netlify.app/?id=27,"https://www.google.com/maps/@?api=1&map_action=map&center=56.84963,-4.49132&zoom=15&basemap=satellite",0.655,2.25,0.8
28,Lochnagar,Scotland,lake,100954,788.2,498,56.95909,-3.23156,https://tarns.netlify.app/?id=28,"https://www.google.com/maps/@?api=1&map_action=map&center=56.95909,-3.23156&zoom=15&basemap=satellite",0.592,1.41,10.1
29,(unnamed),Scotland,,6805,786.1,125,56.75358,-4.88587,https://tarns.netlify.app/?id=29,"https://www.google.com/maps/@?api=1&map_action=map&center=56.75358,-4.88587&zoom=15&basemap=satellite",0.754,1.15,0.68
30,Loch na Beinne Bàine,Scotland,,10865,783.8,146,57.45288,-5.66909,https://tarns.netlify.app/?id=30,"https://www.google.com/maps/@?api=1&map_action=map&center=57.45288,-5.66909&zoom=15&basemap=satellite",0.706,1.16,1.09
31,Loch nan Eun,Scotland,lake,145034,782.2,714,56.88491,-3.5379,https://tarns.netlify.app/?id=31,"https://www.google.com/maps/@?api=1&map_action=map&center=56.88491,-3.5379&zoom=15&basemap=satellite",0.563,1.94,14.5
32,(unnamed),Scotland,,5145,779.9,141,57.44886,-4.91741,https://tarns.netlify.app/?id=32,"https://www.google.com/maps/@?api=1&map_action=map&center=57.44886,-4.91741&zoom=15&basemap=satellite",0.521,1.92,0.51
33,Coire Lochan,Scotland,,18229,775.0,303,57.26081,-5.24144,https://tarns.netlify.app/?id=33,"https://www.google.com/maps/@?api=1&map_action=map&center=57.26081,-5.24144&zoom=15&basemap=satellite",0.36,1.34,1.82
34,Loch Sgùrr na Fiantaig,Scotland,,13567,773.2,219,57.46225,-5.24145,https://tarns.netlify.app/?id=34,"https://www.google.com/maps/@?api=1&map_action=map&center=57.46225,-5.24145&zoom=15&basemap=satellite",0.478,1.5,1.36
35,(unnamed),England,,7326,768.2,134,54.66764,-2.41115,https://tarns.netlify.app/?id=35,"https://www.google.com/maps/@?api=1&map_action=map&center=54.66764,-2.41115&zoom=15&basemap=satellite",0.729,1.77,0.73
36,Loch an Fhuar-Thuill Mhòir,Scotland,,50961,765.8,289,57.45218,-4.93617,https://tarns.netlify.app/?id=36,"https://www.google.com/maps/@?api=1&map_action=map&center=57.45218,-4.93617&zoom=15&basemap=satellite",0.728,1.16,5.1
37,Lochan nan Gabhar,Scotland,,24327,765.2,222,57.11583,-3.4085,https://tarns.netlify.app/?id=37,"https://www.google.com/maps/@?api=1&map_action=map&center=57.11583,-3.4085&zoom=15&basemap=satellite",0.788,1.5,2.43
38,(unnamed),Scotland,lake,9657,764.5,210,58.148,-4.89085,https://tarns.netlify.app/?id=38,"https://www.google.com/maps/@?api=1&map_action=map&center=58.148,-4.89085&zoom=15&basemap=satellite",0.742,3.33,0.97
39,Llyn y Fign,Wales,,5514,764.0,125,52.75933,-3.72556,https://tarns.netlify.app/?id=39,"https://www.google.com/maps/@?api=1&map_action=map&center=52.75933,-3.72556&zoom=15&basemap=satellite",0.684,1.84,0.55
40,Loch an Aonaich Odhar,Scotland,,81272,757.3,569,57.06117,-4.56001,https://tarns.netlify.app/?id=40,"https://www.google.com/maps/@?api=1&map_action=map&center=57.06117,-4.56001&zoom=15&basemap=satellite",0.586,2.28,8.13
41,Lochan nam Bo,Scotland,,17512,754.3,220,57.00005,-3.87575,https://tarns.netlify.app/?id=41,"https://www.google.com/maps/@?api=1&map_action=map&center=57.00005,-3.87575&zoom=15&basemap=satellite",0.658,1.79,1.75
42,Lochan Uaine,Scotland,,7105,752.9,129,57.18363,-5.08549,https://tarns.netlify.app/?id=42,"https://www.google.com/maps/@?api=1&map_action=map&center=57.18363,-5.08549&zoom=15&basemap=satellite",0.741,1.72,0.71
43,Lochan na Craliag,Scotland,,10718,752.3,136,57.19164,-5.15129,https://tarns.netlify.app/?id=43,"https://www.google.com/maps/@?api=1&map_action=map&center=57.19164,-5.15129&zoom=15&basemap=satellite",0.761,1.01,1.07
44,Loch Tuill Bhearnach,Scotland,,91270,750.3,474,57.36154,-5.04624,https://tarns.netlify.app/?id=44,"https://www.google.com/maps/@?api=1&map_action=map&center=57.36154,-5.04624&zoom=15&basemap=satellite",0.679,1.59,9.13
45,Loch an Fhraoich-choire,Scotland,,48384,749.9,357,57.27431,-5.22625,https://tarns.netlify.app/?id=45,"https://www.google.com/maps/@?api=1&map_action=map&center=57.27431,-5.22625&zoom=15&basemap=satellite",0.661,1.73,4.84
46,(unnamed),Scotland,lake,9301,749.9,148,57.80914,-4.91862,https://tarns.netlify.app/?id=46,"https://www.google.com/maps/@?api=1&map_action=map&center=57.80914,-4.91862&zoom=15&basemap=satellite",0.595,1.14,0.93
47,Loch Feith a'Phuill,Scotland,,32173,749.4,289,57.14823,-4.3899,https://tarns.netlify.app/?id=47,"https://www.google.com/maps/@?api=1&map_action=map&center=57.14823,-4.3899&zoom=15&basemap=satellite",0.759,1.97,3.22
48,Loch Vrotachan,Scotland,,94081,747.6,531,56.88984,-3.44188,https://tarns.netlify.app/?id=48,"https://www.google.com/maps/@?api=1&map_action=map&center=56.88984,-3.44188&zoom=15&basemap=satellite",0.657,1.88,9.41
49,(unnamed),Scotland,,5632,746.5,120,57.17377,-5.58443,https://tarns.netlify.app/?id=49,"https://www.google.com/maps/@?api=1&map_action=map&center=57.17377,-5.58443&zoom=15&basemap=satellite",0.738,1.76,0.56
50,Loch a' Chleirich,Scotland,,8828,744.2,256,57.25054,-5.30568,https://tarns.netlify.app/?id=50,"https://www.google.com/maps/@?api=1&map_action=map&center=57.25054,-5.30568&zoom=15&basemap=satellite",0.56,4.17,0.88
51,Lochan Coire an Lochain,Scotland,,52765,741.6,443,56.83138,-4.68348,https://tarns.netlify.app/?id=51,"https://www.google.com/maps/@?api=1&map_action=map&center=56.83138,-4.68348&zoom=15&basemap=satellite",0.606,2.23,5.28
52,(unnamed),Scotland,,6065,738.3,195,56.73045,-5.65447,https://tarns.netlify.app/?id=52,"https://www.google.com/maps/@?api=1&map_action=map&center=56.73045,-5.65447&zoom=15&basemap=satellite",0.533,3.31,0.61
53,Loch a' Choire Bhig,Scotland,,16056,737.8,201,57.35204,-5.058,https://tarns.netlify.app/?id=53,"https://www.google.com/maps/@?api=1&map_action=map&center=57.35204,-5.058&zoom=15&basemap=satellite",0.682,1.08,1.61
54,Lochan Gaineamhach,Scotland,,23512,737.7,252,57.45609,-5.17992,https://tarns.netlify.app/?id=54,"https://www.google.com/maps/@?api=1&map_action=map&center=57.45609,-5.17992&zoom=15&basemap=satellite",0.709,1.9,2.35
55,(unnamed),Scotland,,96099,737.1,519,56.74671,-4.90393,https://tarns.netlify.app/?id=55,"https://www.google.com/maps/@?api=1&map_action=map&center=56.74671,-4.90393&zoom=15&basemap=satellite",0.515,1.28,9.61
56,(unnamed),Scotland,,6245,736.0,162,57.09845,-4.60759,https://tarns.netlify.app/?id=56,"https://www.google.com/maps/@?api=1&map_action=map&center=57.09845,-4.60759&zoom=15&basemap=satellite",0.746,3.12,0.62
57,(unnamed),Scotland,,24316,735.9,247,57.11321,-4.56256,https://tarns.netlify.app/?id=57,"https://www.google.com/maps/@?api=1&map_action=map&center=57.11321,-4.56256&zoom=15&basemap=satellite",0.612,1.48,2.43
58,(unnamed),Scotland,pond,5683,735.9,156,57.04164,-4.49547,https://tarns.netlify.app/?id=58,"https://www.google.com/maps/@?api=1&map_action=map&center=57.04164,-4.49547&zoom=15&basemap=satellite",0.456,1.09,0.57
59,(unnamed),Scotland,,94201,735.8,507,57.09289,-4.59781,https://tarns.netlify.app/?id=59,"https://www.google.com/maps/@?api=1&map_action=map&center=57.09289,-4.59781&zoom=15&basemap=satellite",0.54,1.3,9.42
60,(unnamed),Scotland,,39669,735.2,390,57.09499,-4.59092,https://tarns.netlify.app/?id=60,"https://www.google.com/maps/@?api=1&map_action=map&center=57.09499,-4.59092&zoom=15&basemap=satellite",0.49,1.85,3.97
61,Loch Esk,Scotland,lake,35911,735.1,338,56.89911,-3.25304,https://tarns.netlify.app/?id=61,"https://www.google.com/maps/@?api=1&map_action=map&center=56.89911,-3.25304&zoom=15&basemap=satellite",0.509,1.17,3.59
62,(unnamed),Scotland,,66943,733.9,653,57.09354,-4.58711,https://tarns.netlify.app/?id=62,"https://www.google.com/maps/@?api=1&map_action=map&center=57.09354,-4.58711&zoom=15&basemap=satellite",0.384,2.43,6.69
63,Loch Coire nan Dearcag,Scotland,,13848,733.9,291,57.2561,-5.1983,https://tarns.netlify.app/?id=63,"https://www.google.com/maps/@?api=1&map_action=map&center=57.2561,-5.1983&zoom=15&basemap=satellite",0.494,2.85,1.38
64,(unnamed),Scotland,lake,6699,733.3,129,56.46435,-4.44035,https://tarns.netlify.app/?id=64,"https://www.google.com/maps/@?api=1&map_action=map&center=56.46435,-4.44035&zoom=15&basemap=satellite",0.782,1.92,0.67
65,(unnamed),Scotland,lake,9427,732.7,218,58.14109,-4.88072,https://tarns.netlify.app/?id=65,"https://www.google.com/maps/@?api=1&map_action=map&center=58.14109,-4.88072&zoom=15&basemap=satellite",0.435,2.14,0.94
66,(unnamed),Scotland,,10853,731.6,207,57.0974,-4.583,https://tarns.netlify.app/?id=66,"https://www.google.com/maps/@?api=1&map_action=map&center=57.0974,-4.583&zoom=15&basemap=satellite",0.537,2.12,1.09
67,(unnamed),Scotland,,84255,727.3,1054,57.09096,-4.60963,https://tarns.netlify.app/?id=67,"https://www.google.com/maps/@?api=1&map_action=map&center=57.09096,-4.60963&zoom=15&basemap=satellite",0.258,3.38,8.43
68,Lochan a' Bhainne,Scotland,,11924,726.8,247,57.12403,-3.57671,https://tarns.netlify.app/?id=68,"https://www.google.com/maps/@?api=1&map_action=map&center=57.12403,-3.57671&zoom=15&basemap=satellite",0.669,3.43,1.19
69,(unnamed),Scotland,,18753,726.6,312,56.76272,-4.91522,https://tarns.netlify.app/?id=69,"https://www.google.com/maps/@?api=1&map_action=map&center=56.76272,-4.91522&zoom=15&basemap=satellite",0.591,2.96,1.88
70,Loch Carn a' Chuilinn,Scotland,,82564,724.2,542,57.10006,-4.5753,https://tarns.netlify.app/?id=70,"https://www.google.com/maps/@?api=1&map_action=map&center=57.10006,-4.5753&zoom=15&basemap=satellite",0.526,1.86,8.26
71,Loch na Lairige,Scotland,lake,69147,722.8,588,57.07892,-4.37088,https://tarns.netlify.app/?id=71,"https://www.google.com/maps/@?api=1&map_action=map&center=57.07892,-4.37088&zoom=15&basemap=satellite",0.638,3.08,6.91
72,(unnamed),Scotland,,8416,722.0,136,57.06781,-4.49549,https://tarns.netlify.app/?id=72,"https://www.google.com/maps/@?api=1&map_action=map&center=57.06781,-4.49549&zoom=15&basemap=satellite",0.769,1.63,0.84
73,Loch Avon,Scotland,,580781,721.8,2480,57.10267,-3.62802,https://tarns.netlify.app/?id=73,"https://www.google.com/maps/@?api=1&map_action=map&center=57.10267,-3.62802&zoom=15&basemap=satellite",0.544,5.74,58.08
74,Lochan a' Chroin,Scotland,,27720,720.6,367,56.32265,-4.24033,https://tarns.netlify.app/?id=74,"https://www.google.com/maps/@?api=1&map_action=map&center=56.32265,-4.24033&zoom=15&basemap=satellite",0.603,2.88,2.77
75,Loch a' Bhealach Bheithe,Scotland,,343856,720.5,1643,56.81421,-4.4426,https://tarns.netlify.app/?id=75,"https://www.google.com/maps/@?api=1&map_action=map&center=56.81421,-4.4426&zoom=15&basemap=satellite",0.481,3.74,34.39
76,Red Tarn,England,,88482,718.4,449,54.52838,-3.0089,https://tarns.netlify.app/?id=76,"https://www.google.com/maps/@?api=1&map_action=map&center=54.52838,-3.0089&zoom=15&basemap=satellite",0.773,1.7,8.85
77,(unnamed),Scotland,,5500,717.4,115,56.89952,-4.26855,https://tarns.netlify.app/?id=77,"https://www.google.com/maps/@?api=1&map_action=map&center=56.89952,-4.26855&zoom=15&basemap=satellite",0.756,1.65,0.55
78,Lochan nan Cat,Scotland,,123524,717.3,810,56.55597,-4.20636,https://tarns.netlify.app/?id=78,"https://www.google.com/maps/@?api=1&map_action=map&center=56.55597,-4.20636&zoom=15&basemap=satellite",0.524,2.71,12.35
79,(unnamed),Scotland,,5673,716.4,299,57.1108,-3.60321,https://tarns.netlify.app/?id=79,"https://www.google.com/maps/@?api=1&map_action=map&center=57.1108,-3.60321&zoom=15&basemap=satellite",0.473,7.45,0.57
80,Lochan Uaine,Scotland,,6279,715.1,153,57.58904,-5.40031,https://tarns.netlify.app/?id=80,"https://www.google.com/maps/@?api=1&map_action=map&center=57.58904,-5.40031&zoom=15&basemap=satellite",0.633,2.28,0.63
81,(unnamed),Scotland,,14964,714.8,168,57.06955,-4.50054,https://tarns.netlify.app/?id=81,"https://www.google.com/maps/@?api=1&map_action=map&center=57.06955,-4.50054&zoom=15&basemap=satellite",0.829,1.03,1.5
82,(unnamed),Scotland,,14265,713.3,243,57.0662,-4.4896,https://tarns.netlify.app/?id=82,"https://www.google.com/maps/@?api=1&map_action=map&center=57.0662,-4.4896&zoom=15&basemap=satellite",0.521,2.13,1.43
83,(unnamed),Scotland,,17166,710.9,373,57.17337,-5.59267,https://tarns.netlify.app/?id=83,"https://www.google.com/maps/@?api=1&map_action=map&center=57.17337,-5.59267&zoom=15&basemap=satellite",0.359,2.66,1.72
84,(unnamed),Scotland,,16488,708.9,186,57.07588,-4.46233,https://tarns.netlify.app/?id=84,"https://www.google.com/maps/@?api=1&map_action=map&center=57.07588,-4.46233&zoom=15&basemap=satellite",0.661,1.1,1.65
85,Llyn y Cwn,Wales,,9413,708.0,139,53.1059,-4.03776,https://tarns.netlify.app/?id=85,"https://www.google.com/maps/@?api=1&map_action=map&center=53.1059,-4.03776&zoom=15&basemap=satellite",0.687,1.08,0.94
86,(unnamed),Scotland,,13558,707.5,170,57.69515,-5.36578,https://tarns.netlify.app/?id=86,"https://www.google.com/maps/@?api=1&map_action=map&center=57.69515,-5.36578&zoom=15&basemap=satellite",0.787,1.68,1.36
87,Loch na Caillich,Scotland,,23355,707.0,312,56.7377,-4.13742,https://tarns.netlify.app/?id=87,"https://www.google.com/maps/@?api=1&map_action=map&center=56.7377,-4.13742&zoom=15&basemap=satellite",0.678,2.64,2.34
88,(unnamed),Scotland,pond,7723,706.7,117,57.22452,-4.23656,https://tarns.netlify.app/?id=88,"https://www.google.com/maps/@?api=1&map_action=map&center=57.22452,-4.23656&zoom=15&basemap=satellite",0.722,1.13,0.77
89,(unnamed),Scotland,,13455,705.9,180,57.69615,-5.36879,https://tarns.netlify.app/?id=89,"https://www.google.com/maps/@?api=1&map_action=map&center=57.69615,-5.36879&zoom=15&basemap=satellite",0.669,1.56,1.35
90,(unnamed),Scotland,,5731,702.8,886,56.95969,-4.62627,https://tarns.netlify.app/?id=90,"https://www.google.com/maps/@?api=1&map_action=map&center=56.95969,-4.62627&zoom=15&basemap=satellite",0.045,6.1,0.57
91,Lochan Odhar,Scotland,,9091,699.3,229,57.11081,-3.73654,https://tarns.netlify.app/?id=91,"https://www.google.com/maps/@?api=1&map_action=map&center=57.11081,-3.73654&zoom=15&basemap=satellite",0.418,1.99,0.91
92,Lochan a' Chreachain,Scotland,,46912,699.3,345,56.56538,-4.65801,https://tarns.netlify.app/?id=92,"https://www.google.com/maps/@?api=1&map_action=map&center=56.56538,-4.65801&zoom=15&basemap=satellite",0.721,1.79,4.69
93,Loch Monaidh,Scotland,,24951,699.2,296,56.78954,-4.35318,https://tarns.netlify.app/?id=93,"https://www.google.com/maps/@?api=1&map_action=map&center=56.78954,-4.35318&zoom=15&basemap=satellite",0.537,1.66,2.5
94,Loch An Sgòir,Scotland,,163346,698.9,649,56.84165,-4.47791,https://tarns.netlify.app/?id=94,"https://www.google.com/maps/@?api=1&map_action=map&center=56.84165,-4.47791&zoom=15&basemap=satellite",0.671,1.73,16.33
95,Loch Coire na Sguile,Scotland,,13684,698.1,198,57.45147,-4.91477,https://tarns.netlify.app/?id=95,"https://www.google.com/maps/@?api=1&map_action=map&center=57.45147,-4.91477&zoom=15&basemap=satellite",0.623,1.72,1.37
96,(unnamed),Scotland,,11356,698.0,174,57.65938,-5.33638,https://tarns.netlify.app/?id=96,"https://www.google.com/maps/@?api=1&map_action=map&center=57.65938,-5.33638&zoom=15&basemap=satellite",0.706,1.74,1.14
97,Loch Coir' a' Ghrunnda,Scotland,lake,32836,695.8,276,57.20181,-6.22072,https://tarns.netlify.app/?id=97,"https://www.google.com/maps/@?api=1&map_action=map&center=57.20181,-6.22072&zoom=15&basemap=satellite",0.614,1.39,3.28
98,(unnamed),Scotland,,13297,694.6,240,57.13255,-4.56037,https://tarns.netlify.app/?id=98,"https://www.google.com/maps/@?api=1&map_action=map&center=57.13255,-4.56037&zoom=15&basemap=satellite",0.606,2.6,1.33
99,(unnamed),Scotland,,8302,693.7,402,57.11006,-3.59,https://tarns.netlify.app/?id=99,"https://www.google.com/maps/@?api=1&map_action=map&center=57.11006,-3.59&zoom=15&basemap=satellite",0.376,7.3,0.83
100,(unnamed),Scotland,,14136,690.2,273,57.12704,-4.56093,https://tarns.netlify.app/?id=100,"https://www.google.com/maps/@?api=1&map_action=map&center=57.12704,-4.56093&zoom=15&basemap=satellite",0.505,2.58,1.41
101,Lochan nan Cat,Scotland,,27212,689.6,209,56.57188,-4.46507,https://tarns.netlify.app/?id=101,"https://www.google.com/maps/@?api=1&map_action=map&center=56.57188,-4.46507&zoom=15&basemap=satellite",0.798,1.21,2.72
102,Seamore Tarn,England,,19954,688.3,300,54.64178,-2.41883,https://tarns.netlify.app/?id=102,"https://www.google.com/maps/@?api=1&map_action=map&center=54.64178,-2.41883&zoom=15&basemap=satellite",0.444,1.96,2.0
103,(unnamed),Scotland,,8807,688.2,138,57.13045,-4.86576,https://tarns.netlify.app/?id=103,"https://www.google.com/maps/@?api=1&map_action=map&center=57.13045,-4.86576&zoom=15&basemap=satellite",0.729,1.39,0.88
104,(unnamed),Scotland,,41796,687.9,329,57.69158,-4.9998,https://tarns.netlify.app/?id=104,"https://www.google.com/maps/@?api=1&map_action=map&center=57.69158,-4.9998&zoom=15&basemap=satellite",0.679,1.65,4.18
105,Loch a' Choire Mhoir,Scotland,,21178,687.7,214,57.58878,-5.51499,https://tarns.netlify.app/?id=105,"https://www.google.com/maps/@?api=1&map_action=map&center=57.58878,-5.51499&zoom=15&basemap=satellite",0.791,1.59,2.12
106,Little Rundale Tarn,England,,9326,687.5,186,54.63885,-2.41721,https://tarns.netlify.app/?id=106,"https://www.google.com/maps/@?api=1&map_action=map&center=54.63885,-2.41721&zoom=15&basemap=satellite",0.617,2.27,0.93
107,Coirein Lochain,Scotland,,19865,687.0,262,56.57183,-4.87447,https://tarns.netlify.app/?id=107,"https://www.google.com/maps/@?api=1&map_action=map&center=56.57183,-4.87447&zoom=15&basemap=satellite",0.632,1.91,1.99
108,(unnamed),England,,6273,686.6,137,54.63659,-2.41834,https://tarns.netlify.app/?id=108,"https://www.google.com/maps/@?api=1&map_action=map&center=54.63659,-2.41834&zoom=15&basemap=satellite",0.7,2.06,0.63
109,Dubh Lochan,Scotland,lake,48630,685.8,679,57.10222,-3.59019,https://tarns.netlify.app/?id=109,"https://www.google.com/maps/@?api=1&map_action=map&center=57.10222,-3.59019&zoom=15&basemap=satellite",0.484,4.58,4.86
110,(unnamed),Scotland,,9932,684.8,153,57.671,-5.05531,https://tarns.netlify.app/?id=110,"https://www.google.com/maps/@?api=1&map_action=map&center=57.671,-5.05531&zoom=15&basemap=satellite",0.652,1.43,0.99
111,(unnamed),Scotland,,8152,682.6,223,57.12625,-4.55951,https://tarns.netlify.app/?id=111,"https://www.google.com/maps/@?api=1&map_action=map&center=57.12625,-4.55951&zoom=15&basemap=satellite",0.658,4.01,0.82
112,Dearg Lochan,Scotland,,30076,682.2,282,57.08609,-4.40472,https://tarns.netlify.app/?id=112,"https://www.google.com/maps/@?api=1&map_action=map&center=57.08609,-4.40472&zoom=15&basemap=satellite",0.632,1.61,3.01
113,(unnamed),Scotland,lake,5262,681.5,247,57.10512,-3.58605,https://tarns.netlify.app/?id=113,"https://www.google.com/maps/@?api=1&map_action=map&center=57.10512,-3.58605&zoom=15&basemap=satellite",0.613,7.08,0.53
114,(unnamed),Scotland,,6515,681.0,143,57.1354,-4.56341,https://tarns.netlify.app/?id=114,"https://www.google.com/maps/@?api=1&map_action=map&center=57.1354,-4.56341&zoom=15&basemap=satellite",0.638,1.99,0.65
115,Loch Phadruig,Scotland,,32487,678.9,281,56.95853,-3.35631,https://tarns.netlify.app/?id=115,"https://www.google.com/maps/@?api=1&map_action=map&center=56.95853,-3.35631&zoom=15&basemap=satellite",0.687,1.01,3.25
116,(unnamed),Scotland,,11911,678.4,192,57.65908,-5.34146,https://tarns.netlify.app/?id=116,"https://www.google.com/maps/@?api=1&map_action=map&center=57.65908,-5.34146&zoom=15&basemap=satellite",0.672,2.01,1.19
117,(unnamed),Scotland,,26966,675.3,263,58.16255,-4.90814,https://tarns.netlify.app/?id=117,"https://www.google.com/maps/@?api=1&map_action=map&center=58.16255,-4.90814&zoom=15&basemap=satellite",0.709,1.7,2.7
118,Loch Coire Mhic Mhathain,Scotland,,24834,675.0,252,57.82945,-4.83709,https://tarns.netlify.app/?id=118,"https://www.google.com/maps/@?api=1&map_action=map&center=57.82945,-4.83709&zoom=15&basemap=satellite",0.563,1.39,2.48
119,(unnamed),Scotland,,49881,674.1,472,57.12692,-4.56824,https://tarns.netlify.app/?id=119,"https://www.google.com/maps/@?api=1&map_action=map&center=57.12692,-4.56824&zoom=15&basemap=satellite",0.538,2.39,4.99
120,Loch a Bealaich Mhor,Scotland,,16956,673.4,243,57.49331,-5.39566,https://tarns.netlify.app/?id=120,"https://www.google.com/maps/@?api=1&map_action=map&center=57.49331,-5.39566&zoom=15&basemap=satellite",0.483,1.44,1.7
121,Great Rundale Tarn,England,,30013,672.1,313,54.64857,-2.41982,https://tarns.netlify.app/?id=121,"https://www.google.com/maps/@?api=1&map_action=map&center=54.64857,-2.41982&zoom=15&basemap=satellite",0.692,2.25,3.0
122,(unnamed),Scotland,,10553,670.9,174,57.12228,-4.55412,https://tarns.netlify.app/?id=122,"https://www.google.com/maps/@?api=1&map_action=map&center=57.12228,-4.55412&zoom=15&basemap=satellite",0.683,1.81,1.06
123,Lochan a' Chnapaich,Scotland,lake,53249,669.4,445,57.80894,-4.93376,https://tarns.netlify.app/?id=123,"https://www.google.com/maps/@?api=1&map_action=map&center=57.80894,-4.93376&zoom=15&basemap=satellite",0.502,1.75,5.32
124,Loch Buidhe,Scotland,lake,20162,669.0,282,56.92937,-3.22833,https://tarns.netlify.app/?id=124,"https://www.google.com/maps/@?api=1&map_action=map&center=56.92937,-3.22833&zoom=15&basemap=satellite",0.656,2.59,2.02
125,Loch Kander,Scotland,lake,30233,668.7,222,56.9123,-3.33162,https://tarns.netlify.app/?id=125,"https://www.google.com/maps/@?api=1&map_action=map&center=56.9123,-3.33162&zoom=15&basemap=satellite",0.736,1.15,3.02
126,Lochan Lathail,Scotland,,5417,667.2,130,57.79494,-4.93963,https://tarns.netlify.app/?id=126,"https://www.google.com/maps/@?api=1&map_action=map&center=57.79494,-4.93963&zoom=15&basemap=satellite",0.719,2.23,0.54
127,Loch a' Choin Duibh,Scotland,,23558,666.1,279,57.17981,-3.95952,https://tarns.netlify.app/?id=127,"https://www.google.com/maps/@?api=1&map_action=map&center=57.17981,-3.95952&zoom=15&basemap=satellite",0.65,2.06,2.36
128,(unnamed),Scotland,,5214,665.0,122,57.34144,-5.14366,https://tarns.netlify.app/?id=128,"https://www.google.com/maps/@?api=1&map_action=map&center=57.34144,-5.14366&zoom=15&basemap=satellite",0.658,1.71,0.52
129,(unnamed),Scotland,,50420,663.5,472,57.12291,-4.56709,https://tarns.netlify.app/?id=129,"https://www.google.com/maps/@?api=1&map_action=map&center=57.12291,-4.56709&zoom=15&basemap=satellite",0.461,1.84,5.04
130,Loch Meall na Leitreach,Scotland,,20563,663.2,272,56.79203,-4.23213,https://tarns.netlify.app/?id=130,"https://www.google.com/maps/@?api=1&map_action=map&center=56.79203,-4.23213&zoom=15&basemap=satellite",0.701,2.51,2.06
131,(unnamed),Scotland,,6960,663.1,144,57.12052,-4.92211,https://tarns.netlify.app/?id=131,"https://www.google.com/maps/@?api=1&map_action=map&center=57.12052,-4.92211&zoom=15&basemap=satellite",0.665,1.98,0.7
132,(unnamed),Scotland,,20518,663.1,437,57.13732,-4.5489,https://tarns.netlify.app/?id=132,"https://www.google.com/maps/@?api=1&map_action=map&center=57.13732,-4.5489&zoom=15&basemap=satellite",0.373,3.26,2.05
133,(unnamed),Scotland,,8425,661.7,131,56.43609,-5.09153,https://tarns.netlify.app/?id=133,"https://www.google.com/maps/@?api=1&map_action=map&center=56.43609,-5.09153&zoom=15&basemap=satellite",0.812,1.24,0.84
134,(unnamed),Scotland,,5197,661.0,135,57.11961,-4.92678,https://tarns.netlify.app/?id=134,"https://www.google.com/maps/@?api=1&map_action=map&center=57.11961,-4.92678&zoom=15&basemap=satellite",0.591,2.08,0.52
135,(unnamed),Scotland,,10728,661.0,262,57.13946,-4.5551,https://tarns.netlify.app/?id=135,"https://www.google.com/maps/@?api=1&map_action=map&center=57.13946,-4.5551&zoom=15&basemap=satellite",0.579,3.6,1.07
136,Llyn Clyd,Wales,,5326,660.1,150,53.11713,-4.04093,https://tarns.netlify.app/?id=136,"https://www.google.com/maps/@?api=1&map_action=map&center=53.11713,-4.04093&zoom=15&basemap=satellite",0.644,2.73,0.53
137,Loch Toll an Lochain,Scotland,,78091,658.5,488,57.69891,-5.11617,https://tarns.netlify.app/?id=137,"https://www.google.com/maps/@?api=1&map_action=map&center=57.69891,-5.11617&zoom=15&basemap=satellite",0.687,2.0,7.81
138,Lochan Uaine,Scotland,,98464,658.5,468,57.51679,-5.39227,https://tarns.netlify.app/?id=138,"https://www.google.com/maps/@?api=1&map_action=map&center=57.51679,-5.39227&zoom=15&basemap=satellite",0.646,1.36,9.85
139,Loch Roy,Scotland,,28411,658.0,229,56.96755,-4.60495,https://tarns.netlify.app/?id=139,"https://www.google.com/maps/@?api=1&map_action=map&center=56.96755,-4.60495&zoom=15&basemap=satellite",0.662,1.2,2.84
140,Lochan na Stairne,Scotland,,108756,657.9,662,57.11702,-4.57375,https://tarns.netlify.app/?id=140,"https://www.google.com/maps/@?api=1&map_action=map&center=57.11702,-4.57375&zoom=15&basemap=satellite",0.503,1.62,10.88
141,Lochan a' Choire,Scotland,,34519,657.8,382,57.05655,-4.36024,https://tarns.netlify.app/?id=141,"https://www.google.com/maps/@?api=1&map_action=map&center=57.05655,-4.36024&zoom=15&basemap=satellite",0.712,2.99,3.45
142,Coire Lochan,Scotland,,145609,656.5,619,57.29919,-5.11544,https://tarns.netlify.app/?id=142,"https://www.google.com/maps/@?api=1&map_action=map&center=57.29919,-5.11544&zoom=15&basemap=satellite",0.708,1.5,14.56
143,(unnamed),Scotland,,18301,655.8,191,57.14266,-5.2872,https://tarns.netlify.app/?id=143,"https://www.google.com/maps/@?api=1&map_action=map&center=57.14266,-5.2872&zoom=15&basemap=satellite",0.815,1.57,1.83
144,Ffynnon Lloer,Wales,,25020,655.6,270,53.13926,-4.00095,https://tarns.netlify.app/?id=144,"https://www.google.com/maps/@?api=1&map_action=map&center=53.13926,-4.00095&zoom=15&basemap=satellite",0.52,1.39,2.5
145,Loch Carn a' Chaochain,Scotland,,21053,654.5,185,57.22023,-4.9154,https://tarns.netlify.app/?id=145,"https://www.google.com/maps/@?api=1&map_action=map&center=57.22023,-4.9154&zoom=15&basemap=satellite",0.755,1.09,2.11
146,(unnamed),Scotland,,7956,654.3,131,57.12423,-4.8804,https://tarns.netlify.app/?id=146,"https://www.google.com/maps/@?api=1&map_action=map&center=57.12423,-4.8804&zoom=15&basemap=satellite",0.691,1.38,0.8
147,Loch Beag,Scotland,,30278,652.0,238,57.37184,-5.08426,https://tarns.netlify.app/?id=147,"https://www.google.com/maps/@?api=1&map_action=map&center=57.37184,-5.08426&zoom=15&basemap=satellite",0.718,1.29,3.03
148,(unnamed),Scotland,,7590,649.0,135,57.40518,-5.70376,https://tarns.netlify.app/?id=148,"https://www.google.com/maps/@?api=1&map_action=map&center=57.40518,-5.70376&zoom=15&basemap=satellite",0.868,2.09,0.76
149,(unnamed),Scotland,,11872,647.9,167,56.91647,-3.18854,https://tarns.netlify.app/?id=149,"https://www.google.com/maps/@?api=1&map_action=map&center=56.91647,-3.18854&zoom=15&basemap=satellite",0.77,1.56,1.19
150,Loch a' Chadha Dheirg,Scotland,lake,7594,647.8,166,57.82895,-4.89166,https://tarns.netlify.app/?id=150,"https://www.google.com/maps/@?api=1&map_action=map&center=57.82895,-4.89166&zoom=15&basemap=satellite",0.628,2.11,0.76
151,(unnamed),Scotland,lake,13419,647.1,184,56.37551,-4.40608,https://tarns.netlify.app/?id=151,"https://www.google.com/maps/@?api=1&map_action=map&center=56.37551,-4.40608&zoom=15&basemap=satellite",0.515,1.24,1.34
152,(unnamed),Scotland,,7242,646.7,154,57.11996,-4.91215,https://tarns.netlify.app/?id=152,"https://www.google.com/maps/@?api=1&map_action=map&center=57.11996,-4.91215&zoom=15&basemap=satellite",0.696,2.26,0.72
153,(unnamed),Scotland,,42646,645.6,363,57.12044,-5.17886,https://tarns.netlify.app/?id=153,"https://www.google.com/maps/@?api=1&map_action=map&center=57.12044,-5.17886&zoom=15&basemap=satellite",0.556,1.66,4.26
154,Fountains Fell Tarn,England,pond,18544,645.2,274,54.13699,-2.20259,https://tarns.netlify.app/?id=154,"https://www.google.com/maps/@?api=1&map_action=map&center=54.13699,-2.20259&zoom=15&basemap=satellite",0.611,2.47,1.85
155,Loch Dubh,Scotland,,80143,644.3,385,57.08209,-4.25945,https://tarns.netlify.app/?id=155,"https://www.google.com/maps/@?api=1&map_action=map&center=57.08209,-4.25945&zoom=15&basemap=satellite",0.737,1.18,8.01
156,Sand Tarn,England,,6993,643.8,177,54.38509,-2.37864,https://tarns.netlify.app/?id=156,"https://www.google.com/maps/@?api=1&map_action=map&center=54.38509,-2.37864&zoom=15&basemap=satellite",0.592,2.64,0.7
157,(unnamed),Scotland,,9205,642.7,1406,56.93509,-4.60775,https://tarns.netlify.app/?id=157,"https://www.google.com/maps/@?api=1&map_action=map&center=56.93509,-4.60775&zoom=15&basemap=satellite",0.028,6.08,0.92
158,Lochan na Mna,Scotland,,6927,642.2,151,56.35981,-4.19079,https://tarns.netlify.app/?id=158,"https://www.google.com/maps/@?api=1&map_action=map&center=56.35981,-4.19079&zoom=15&basemap=satellite",0.614,1.81,0.69
159,Loch Mòr,Scotland,,69508,641.1,510,57.37001,-5.07626,https://tarns.netlify.app/?id=159,"https://www.google.com/maps/@?api=1&map_action=map&center=57.37001,-5.07626&zoom=15&basemap=satellite",0.607,2.22,6.95
160,Loch Mhairc,Scotland,pond,66328,640.8,579,56.89675,-3.83057,https://tarns.netlify.app/?id=160,"https://www.google.com/maps/@?api=1&map_action=map&center=56.89675,-3.83057&zoom=15&basemap=satellite",0.554,2.8,6.63
161,(unnamed),Scotland,,55735,639.5,328,57.51809,-5.39916,https://tarns.netlify.app/?id=161,"https://www.google.com/maps/@?api=1&map_action=map&center=57.51809,-5.39916&zoom=15&basemap=satellite",0.727,1.4,5.57
162,(unnamed),Scotland,lake,10748,639.4,149,56.37695,-4.41009,https://tarns.netlify.app/?id=162,"https://www.google.com/maps/@?api=1&map_action=map&center=56.37695,-4.41009&zoom=15&basemap=satellite",0.735,1.41,1.07
163,Llyn Glas,Wales,,5323,639.3,94,53.08056,-4.06393,https://tarns.netlify.app/?id=163,"https://www.google.com/maps/@?api=1&map_action=map&center=53.08056,-4.06393&zoom=15&basemap=satellite",0.693,1.0,0.53
164,(unnamed),Scotland,,7940,638.5,156,57.40506,-5.707,https://tarns.netlify.app/?id=164,"https://www.google.com/maps/@?api=1&map_action=map&center=57.40506,-5.707&zoom=15&basemap=satellite",0.71,2.02,0.79
165,Dubh Loch,Scotland,lake,205155,637.6,999,56.92947,-3.25288,https://tarns.netlify.app/?id=165,"https://www.google.com/maps/@?api=1&map_action=map&center=56.92947,-3.25288&zoom=15&basemap=satellite",0.638,3.09,20.52
166,Loch Oss,Scotland,,74379,636.7,409,56.38864,-4.75498,https://tarns.netlify.app/?id=166,"https://www.google.com/maps/@?api=1&map_action=map&center=56.38864,-4.75498&zoom=15&basemap=satellite",0.683,1.01,7.44
167,Lochan a' Bhealaich,Scotland,,61010,636.4,356,56.77999,-4.53748,https://tarns.netlify.app/?id=167,"https://www.google.com/maps/@?api=1&map_action=map&center=56.77999,-4.53748&zoom=15&basemap=satellite",0.721,1.39,6.1
168,Loch nam Breac Dearga,Scotland,,17329,636.0,185,57.46398,-5.09304,https://tarns.netlify.app/?id=168,"https://www.google.com/maps/@?api=1&map_action=map&center=57.46398,-5.09304&zoom=15&basemap=satellite",0.706,1.2,1.73
169,(unnamed),Scotland,,5853,635.7,192,57.51882,-5.40337,https://tarns.netlify.app/?id=169,"https://www.google.com/maps/@?api=1&map_action=map&center=57.51882,-5.40337&zoom=15&basemap=satellite",0.596,3.62,0.59
170,(unnamed),Scotland,,5757,635.7,147,57.5183,-5.40207,https://tarns.netlify.app/?id=170,"https://www.google.com/maps/@?api=1&map_action=map&center=57.5183,-5.40207&zoom=15&basemap=satellite",0.614,2.19,0.58
171,Loch a' Bhealaich Leamhain,Scotland,,312609,635.3,1105,56.88412,-4.46521,https://tarns.netlify.app/?id=171,"https://www.google.com/maps/@?api=1&map_action=map&center=56.88412,-4.46521&zoom=15&basemap=satellite",0.713,2.78,31.26
172,(unnamed),Scotland,pond,7118,633.7,246,57.10691,-4.52669,https://tarns.netlify.app/?id=172,"https://www.google.com/maps/@?api=1&map_action=map&center=57.10691,-4.52669&zoom=15&basemap=satellite",0.304,2.5,0.71
173,Widdale Great Tarn,England,,17889,633.3,209,54.2845,-2.32015,https://tarns.netlify.app/?id=173,"https://www.google.com/maps/@?api=1&map_action=map&center=54.2845,-2.32015&zoom=15&basemap=satellite",0.64,1.14,1.79
174,Loch Brandy,Scotland,lake,271548,631.4,868,56.86533,-3.08543,https://tarns.netlify.app/?id=174,"https://www.google.com/maps/@?api=1&map_action=map&center=56.86533,-3.08543&zoom=15&basemap=satellite",0.712,1.7,27.15
175,(unnamed),Scotland,lake,10411,631.2,175,57.83161,-4.82444,https://tarns.netlify.app/?id=175,"https://www.google.com/maps/@?api=1&map_action=map&center=57.83161,-4.82444&zoom=15&basemap=satellite",0.623,1.8,1.04
176,(unnamed),Scotland,,8232,630.3,167,57.33577,-5.34229,https://tarns.netlify.app/?id=176,"https://www.google.com/maps/@?api=1&map_action=map&center=57.33577,-5.34229&zoom=15&basemap=satellite",0.605,1.95,0.82
177,West Baugh Fell Tarn,England,,10497,630.1,139,54.33858,-2.41637,https://tarns.netlify.app/?id=177,"https://www.google.com/maps/@?api=1&map_action=map&center=54.33858,-2.41637&zoom=15&basemap=satellite",0.803,1.47,1.05
178,Loch Coire na Caillich,Scotland,,7370,628.2,175,57.10067,-5.64566,https://tarns.netlify.app/?id=178,"https://www.google.com/maps/@?api=1&map_action=map&center=57.10067,-5.64566&zoom=15&basemap=satellite",0.723,2.95,0.74
179,Lochan a' Bhràghad,Scotland,,59139,627.2,334,57.73219,-5.31898,https://tarns.netlify.app/?id=179,"https://www.google.com/maps/@?api=1&map_action=map&center=57.73219,-5.31898&zoom=15&basemap=satellite",0.789,1.26,5.91
180,Loch Wharral,Scotland,lake,148804,626.4,671,56.85644,-3.05328,https://tarns.netlify.app/?id=180,"https://www.google.com/maps/@?api=1&map_action=map&center=56.85644,-3.05328&zoom=15&basemap=satellite",0.645,1.94,14.88
181,Whernside Tarns,England,,10968,625.7,160,54.24634,-2.39918,https://tarns.netlify.app/?id=181,"https://www.google.com/maps/@?api=1&map_action=map&center=54.24634,-2.39918&zoom=15&basemap=satellite",0.704,1.62,1.1
182,Llynnau'r Cŵn,Wales,,10704,624.3,366,53.01886,-3.99658,https://tarns.netlify.app/?id=182,"https://www.google.com/maps/@?api=1&map_action=map&center=53.01886,-3.99658&zoom=15&basemap=satellite",0.124,1.08,1.07
183,Whernside Tarns,England,,8539,624.3,133,54.24594,-2.40087,https://tarns.netlify.app/?id=183,"https://www.google.com/maps/@?api=1&map_action=map&center=54.24594,-2.40087&zoom=15&basemap=satellite",0.788,1.47,0.85
184,Lochan na Creige Ruaidhe,Scotland,lake,19523,623.5,304,56.43521,-4.14388,https://tarns.netlify.app/?id=184,"https://www.google.com/maps/@?api=1&map_action=map&center=56.43521,-4.14388&zoom=15&basemap=satellite",0.61,2.81,1.95
185,(unnamed),Scotland,,7038,622.4,133,56.59559,-5.13654,https://tarns.netlify.app/?id=185,"https://www.google.com/maps/@?api=1&map_action=map&center=56.59559,-5.13654&zoom=15&basemap=satellite",0.768,1.81,0.7
186,Loch na Gobhlaig,Scotland,,28936,622.1,349,57.32911,-4.88577,https://tarns.netlify.app/?id=186,"https://www.google.com/maps/@?api=1&map_action=map&center=57.32911,-4.88577&zoom=15&basemap=satellite",0.324,1.36,2.89
187,(unnamed),Scotland,,6793,622.0,138,57.54372,-5.38467,https://tarns.netlify.app/?id=187,"https://www.google.com/maps/@?api=1&map_action=map&center=57.54372,-5.38467&zoom=15&basemap=satellite",0.758,2.12,0.68
188,(unnamed),Scotland,,5248,618.8,129,57.11602,-5.49021,https://tarns.netlify.app/?id=188,"https://www.google.com/maps/@?api=1&map_action=map&center=57.11602,-5.49021&zoom=15&basemap=satellite",0.554,1.57,0.52
189,Loch Sgurr na h-Eighe,Scotland,,15886,617.0,254,57.29441,-5.23668,https://tarns.netlify.app/?id=189,"https://www.google.com/maps/@?api=1&map_action=map&center=57.29441,-5.23668&zoom=15&basemap=satellite",0.498,1.41,1.59
190,Lochan a' Choire,Scotland,,80614,616.0,505,56.95825,-4.57168,https://tarns.netlify.app/?id=190,"https://www.google.com/maps/@?api=1&map_action=map&center=56.95825,-4.57168&zoom=15&basemap=satellite",0.706,2.14,8.06
191,Llyn Coch,Wales,,8288,615.5,128,53.01009,-3.98576,https://tarns.netlify.app/?id=191,"https://www.google.com/maps/@?api=1&map_action=map&center=53.01009,-3.98576&zoom=15&basemap=satellite",0.771,1.29,0.83
192,Loch a Choire Mhin,Scotland,,8918,614.9,152,57.15636,-5.56096,https://tarns.netlify.app/?id=192,"https://www.google.com/maps/@?api=1&map_action=map&center=57.15636,-5.56096&zoom=15&basemap=satellite",0.729,1.09,0.89
193,Loch an Daimh Ghlais,Scotland,lake,34437,614.2,429,57.52822,-4.81491,https://tarns.netlify.app/?id=193,"https://www.google.com/maps/@?api=1&map_action=map&center=57.52822,-4.81491&zoom=15&basemap=satellite",0.626,3.33,3.44
194,(unnamed),Scotland,,35617,614.1,300,57.73543,-5.32584,https://tarns.netlify.app/?id=194,"https://www.google.com/maps/@?api=1&map_action=map&center=57.73543,-5.32584&zoom=15&basemap=satellite",0.647,1.19,3.56
195,(unnamed),Scotland,pond,7256,612.4,161,56.75619,-4.82971,https://tarns.netlify.app/?id=195,"https://www.google.com/maps/@?api=1&map_action=map&center=56.75619,-4.82971&zoom=15&basemap=satellite",0.663,2.35,0.73
196,(unnamed),Scotland,lake,8721,611.8,141,57.50775,-5.49259,https://tarns.netlify.app/?id=196,"https://www.google.com/maps/@?api=1&map_action=map&center=57.50775,-5.49259&zoom=15&basemap=satellite",0.611,1.09,0.87
197,Llyn Lluncaws,Wales,,20257,610.3,192,52.87447,-3.38113,https://tarns.netlify.app/?id=197,"https://www.google.com/maps/@?api=1&map_action=map&center=52.87447,-3.38113&zoom=15&basemap=satellite",0.839,1.36,2.03
198,Llyn Conglog,Wales,,74929,608.8,512,53.00691,-3.9782,https://tarns.netlify.app/?id=198,"https://www.google.com/maps/@?api=1&map_action=map&center=53.00691,-3.9782&zoom=15&basemap=satellite",0.631,2.14,7.49
199,(unnamed),Scotland,,6005,608.4,107,56.63061,-4.38624,https://tarns.netlify.app/?id=199,"https://www.google.com/maps/@?api=1&map_action=map&center=56.63061,-4.38624&zoom=15&basemap=satellite",0.734,1.34,0.6
200,Loch Gruamach,Scotland,lake,41472,607.9,400,57.52255,-4.81188,https://tarns.netlify.app/?id=200,"https://www.google.com/maps/@?api=1&map_action=map&center=57.52255,-4.81188&zoom=15&basemap=satellite",0.605,1.97,4.15
201,Loch Coire na Gaoithe 'n Ear,Scotland,,7115,606.2,122,57.03988,-5.51086,https://tarns.netlify.app/?id=201,"https://www.google.com/maps/@?api=1&map_action=map&center=57.03988,-5.51086&zoom=15&basemap=satellite",0.771,1.56,0.71
202,(unnamed),Scotland,lake,6663,605.3,140,57.52102,-4.7835,https://tarns.netlify.app/?id=202,"https://www.google.com/maps/@?api=1&map_action=map&center=57.52102,-4.7835&zoom=15&basemap=satellite",0.754,2.11,0.67
203,Loch Srùban Beaga,Scotland,lake,16655,604.0,242,57.82689,-4.82376,https://tarns.netlify.app/?id=203,"https://www.google.com/maps/@?api=1&map_action=map&center=57.82689,-4.82376&zoom=15&basemap=satellite",0.606,1.8,1.67
204,Lochan Uaine,Scotland,,18362,603.7,246,56.4404,-4.93544,https://tarns.netlify.app/?id=204,"https://www.google.com/maps/@?api=1&map_action=map&center=56.4404,-4.93544&zoom=15&basemap=satellite",0.632,2.02,1.84
205,Lochan nan Cuaran,Scotland,,109017,603.7,547,58.17066,-4.90682,https://tarns.netlify.app/?id=205,"https://www.google.com/maps/@?api=1&map_action=map&center=58.17066,-4.90682&zoom=15&basemap=satellite",0.701,1.91,10.9
206,Llyn y Fan Fawr,Wales,lake,160041,603.5,708,51.88147,-3.69976,https://tarns.netlify.app/?id=206,"https://www.google.com/maps/@?api=1&map_action=map&center=51.88147,-3.69976&zoom=15&basemap=satellite",0.65,2.0,16.0
207,(unnamed),Scotland,,8465,601.8,171,56.45553,-4.69072,https://tarns.netlify.app/?id=207,"https://www.google.com/maps/@?api=1&map_action=map&center=56.45553,-4.69072&zoom=15&basemap=satellite",0.604,1.89,0.85
208,(unnamed),Scotland,lake,11002,601.6,222,56.80503,-3.68324,https://tarns.netlify.app/?id=208,"https://www.google.com/maps/@?api=1&map_action=map&center=56.80503,-3.68324&zoom=15&basemap=satellite",0.523,1.95,1.1
209,Loch Valigan,Scotland,,88736,601.6,551,56.80419,-3.68041,https://tarns.netlify.app/?id=209,"https://www.google.com/maps/@?api=1&map_action=map&center=56.80419,-3.68041&zoom=15&basemap=satellite",0.511,1.73,8.87
210,Loch Coir' a' Mhuilinn,Scotland,,20753,600.6,280,57.55181,-4.90487,https://tarns.netlify.app/?id=210,"https://www.google.com/maps/@?api=1&map_action=map&center=57.55181,-4.90487&zoom=15&basemap=satellite",0.59,2.23,2.08
211,Lochan Fiarach,Scotland,,8126,599.7,134,56.40399,-4.68578,https://tarns.netlify.app/?id=211,"https://www.google.com/maps/@?api=1&map_action=map&center=56.40399,-4.68578&zoom=15&basemap=satellite",0.742,1.63,0.81
212,Glaslyn,Wales,,89804,599.6,484,53.0704,-4.06614,https://tarns.netlify.app/?id=212,"https://www.google.com/maps/@?api=1&map_action=map&center=53.0704,-4.06614&zoom=15&basemap=satellite",0.723,1.68,8.98
213,Loch Braigh Bruthaich,Scotland,,61080,598.4,449,57.34104,-3.85373,https://tarns.netlify.app/?id=213,"https://www.google.com/maps/@?api=1&map_action=map&center=57.34104,-3.85373&zoom=15&basemap=satellite",0.719,2.26,6.11
214,Sprinkling Tarn,England,,23099,598.4,281,54.47155,-3.19271,https://tarns.netlify.app/?id=214,"https://www.google.com/maps/@?api=1&map_action=map&center=54.47155,-3.19271&zoom=15&basemap=satellite",0.506,1.73,2.31
215,Scoat Tarn,England,,46978,597.9,358,54.48168,-3.29894,https://tarns.netlify.app/?id=215,"https://www.google.com/maps/@?api=1&map_action=map&center=54.48168,-3.29894&zoom=15&basemap=satellite",0.645,1.76,4.7
216,Scales Tarn,England,,13220,597.6,169,54.64386,-3.04157,https://tarns.netlify.app/?id=216,"https://www.google.com/maps/@?api=1&map_action=map&center=54.64386,-3.04157&zoom=15&basemap=satellite",0.762,1.34,1.32
217,Birks Tarn,England,,18358,597.4,248,54.17921,-2.12162,https://tarns.netlify.app/?id=217,"https://www.google.com/maps/@?api=1&map_action=map&center=54.17921,-2.12162&zoom=15&basemap=satellite",0.509,1.13,1.84
218,Loch na Lairige,Scotland,,11632,596.1,220,56.99337,-4.38223,https://tarns.netlify.app/?id=218,"https://www.google.com/maps/@?api=1&map_action=map&center=56.99337,-4.38223&zoom=15&basemap=satellite",0.682,2.76,1.16
219,Loch Feurach,Scotland,lake,6695,594.9,215,57.52677,-4.8086,https://tarns.netlify.app/?id=219,"https://www.google.com/maps/@?api=1&map_action=map&center=57.52677,-4.8086&zoom=15&basemap=satellite",0.405,2.78,0.67
220,Lochan a` Chaisteil,Scotland,,27285,594.7,232,56.33311,-4.68144,https://tarns.netlify.app/?id=220,"https://www.google.com/maps/@?api=1&map_action=map&center=56.33311,-4.68144&zoom=15&basemap=satellite",0.738,1.14,2.73
221,Lochan Lairig Laoigh,Scotland,,25414,593.3,264,56.66611,-3.91321,https://tarns.netlify.app/?id=221,"https://www.google.com/maps/@?api=1&map_action=map&center=56.66611,-3.91321&zoom=15&basemap=satellite",0.738,1.78,2.54
222,Lochan nan Leac,Scotland,lake,45623,593.0,320,57.84054,-4.75441,https://tarns.netlify.app/?id=222,"https://www.google.com/maps/@?api=1&map_action=map&center=57.84054,-4.75441&zoom=15&basemap=satellite",0.699,1.48,4.56
223,Lochan Sgeireich,Scotland,lake,137672,591.5,572,57.81896,-4.70528,https://tarns.netlify.app/?id=223,"https://www.google.com/maps/@?api=1&map_action=map&center=57.81896,-4.70528&zoom=15&basemap=satellite",0.536,1.13,13.77
224,(unnamed),Scotland,,9816,591.3,161,57.09208,-5.4597,https://tarns.netlify.app/?id=224,"https://www.google.com/maps/@?api=1&map_action=map&center=57.09208,-5.4597&zoom=15&basemap=satellite",0.643,1.66,0.98
225,Fuar Loch Mor,Scotland,,326789,590.9,986,57.72957,-5.34763,https://tarns.netlify.app/?id=225,"https://www.google.com/maps/@?api=1&map_action=map&center=57.72957,-5.34763&zoom=15&basemap=satellite",0.755,2.19,32.68
226,Lochan Gobhlach,Scotland,lake,110509,589.6,561,57.72999,-4.65035,https://tarns.netlify.app/?id=226,"https://www.google.com/maps/@?api=1&map_action=map&center=57.72999,-4.65035&zoom=15&basemap=satellite",0.535,1.5,11.05
227,Loch an Eilein,Scotland,,42992,588.1,356,57.68622,-4.96868,https://tarns.netlify.app/?id=227,"https://www.google.com/maps/@?api=1&map_action=map&center=57.68622,-4.96868&zoom=15&basemap=satellite",0.646,1.65,4.3
228,(unnamed),Scotland,lake,10985,587.2,277,56.92047,-5.58163,https://tarns.netlify.app/?id=228,"https://www.google.com/maps/@?api=1&map_action=map&center=56.92047,-5.58163&zoom=15&basemap=satellite",0.403,2.76,1.1
229,Lochan an Eireannaich,Scotland,,15138,586.5,192,56.38749,-4.40816,https://tarns.netlify.app/?id=229,"https://www.google.com/maps/@?api=1&map_action=map&center=56.38749,-4.40816&zoom=15&basemap=satellite",0.69,1.65,1.51
230,Loch Meall a' Mhadaidh,Scotland,,42144,585.7,390,57.38763,-4.8372,https://tarns.netlify.app/?id=230,"https://www.google.com/maps/@?api=1&map_action=map&center=57.38763,-4.8372&zoom=15&basemap=satellite",0.671,2.29,4.21
231,Lochan nan Caorach,Scotland,,14437,585.7,277,58.16617,-4.90875,https://tarns.netlify.app/?id=231,"https://www.google.com/maps/@?api=1&map_action=map&center=58.16617,-4.90875&zoom=15&basemap=satellite",0.568,2.85,1.44
232,Loch Coire Mhic Fhearchair,Scotland,,96686,584.9,604,57.59099,-5.44491,https://tarns.netlify.app/?id=232,"https://www.google.com/maps/@?api=1&map_action=map&center=57.59099,-5.44491&zoom=15&basemap=satellite",0.655,2.44,9.67
233,Loch na Lap,Scotland,lake,106047,584.9,580,56.8075,-4.62805,https://tarns.netlify.app/?id=233,"https://www.google.com/maps/@?api=1&map_action=map&center=56.8075,-4.62805&zoom=15&basemap=satellite",0.456,1.19,10.6
234,Loch nam Meirleach,Scotland,lake,23840,584.0,307,57.27648,-4.70238,https://tarns.netlify.app/?id=234,"https://www.google.com/maps/@?api=1&map_action=map&center=57.27648,-4.70238&zoom=15&basemap=satellite",0.537,2.1,2.38
235,Greensett Moss,England,pond,13675,583.3,227,54.2347,-2.39541,https://tarns.netlify.app/?id=235,"https://www.google.com/maps/@?api=1&map_action=map&center=54.2347,-2.39541&zoom=15&basemap=satellite",0.539,1.95,1.37
236,(unnamed),Scotland,lake,6401,583.2,155,56.91895,-5.58564,https://tarns.netlify.app/?id=236,"https://www.google.com/maps/@?api=1&map_action=map&center=56.91895,-5.58564&zoom=15&basemap=satellite",0.65,2.25,0.64
237,Loch Bhanamhoir,Scotland,,53160,581.8,374,57.62547,-5.39324,https://tarns.netlify.app/?id=237,"https://www.google.com/maps/@?api=1&map_action=map&center=57.62547,-5.39324&zoom=15&basemap=satellite",0.593,1.34,5.32
238,Loch Squadaig,Scotland,,43791,581.7,428,56.95052,-4.69684,https://tarns.netlify.app/?id=238,"https://www.google.com/maps/@?api=1&map_action=map&center=56.95052,-4.69684&zoom=15&basemap=satellite",0.621,2.5,4.38
239,Loch Srùban Mòra,Scotland,lake,114306,580.8,522,57.81985,-4.8179,https://tarns.netlify.app/?id=239,"https://www.google.com/maps/@?api=1&map_action=map&center=57.81985,-4.8179&zoom=15&basemap=satellite",0.64,1.4,11.43
240,(unnamed),Scotland,,15307,580.4,240,57.10177,-3.79897,https://tarns.netlify.app/?id=240,"https://www.google.com/maps/@?api=1&map_action=map&center=57.10177,-3.79897&zoom=15&basemap=satellite",0.548,1.89,1.53
241,Loch nan Eilean,Scotland,lake,41820,579.7,442,57.76928,-4.90975,https://tarns.netlify.app/?id=241,"https://www.google.com/maps/@?api=1&map_action=map&center=57.76928,-4.90975&zoom=15&basemap=satellite",0.537,2.46,4.18
242,Loch Tuath,Scotland,lake,37383,579.1,346,57.79718,-4.89355,https://tarns.netlify.app/?id=242,"https://www.google.com/maps/@?api=1&map_action=map&center=57.79718,-4.89355&zoom=15&basemap=satellite",0.685,1.97,3.74
243,Llyn Du'r Arddu,Wales,,20223,578.7,216,53.08054,-4.09048,https://tarns.netlify.app/?id=243,"https://www.google.com/maps/@?api=1&map_action=map&center=53.08054,-4.09048&zoom=15&basemap=satellite",0.737,1.44,2.02
244,(unnamed),Scotland,,13952,578.3,186,56.68522,-3.88332,https://tarns.netlify.app/?id=244,"https://www.google.com/maps/@?api=1&map_action=map&center=56.68522,-3.88332&zoom=15&basemap=satellite",0.712,1.77,1.4
245,(unnamed),Scotland,,6867,578.2,124,56.96975,-5.57267,https://tarns.netlify.app/?id=245,"https://www.google.com/maps/@?api=1&map_action=map&center=56.96975,-5.57267&zoom=15&basemap=satellite",0.807,1.59,0.69
246,Loch Eas Domhain,Scotland,lake,22849,578.1,269,56.43411,-4.17085,https://tarns.netlify.app/?id=246,"https://www.google.com/maps/@?api=1&map_action=map&center=56.43411,-4.17085&zoom=15&basemap=satellite",0.725,2.28,2.28
247,Loch Fender,Scotland,,93223,578.0,532,56.55036,-3.82509,https://tarns.netlify.app/?id=247,"https://www.google.com/maps/@?api=1&map_action=map&center=56.55036,-3.82509&zoom=15&basemap=satellite",0.615,1.23,9.32
248,Loch Cnoc na Mointeich,Scotland,,113388,576.9,483,57.51093,-5.15174,https://tarns.netlify.app/?id=248,"https://www.google.com/maps/@?api=1&map_action=map&center=57.51093,-5.15174&zoom=15&basemap=satellite",0.784,1.39,11.34
249,Creiglyn Dyfi,Wales,,57839,576.5,339,52.78851,-3.68063,https://tarns.netlify.app/?id=249,"https://www.google.com/maps/@?api=1&map_action=map&center=52.78851,-3.68063&zoom=15&basemap=satellite",0.791,1.4,5.78
250,Loch a' Choire Ghrànda,Scotland,lake,134737,576.5,705,57.7815,-4.91161,https://tarns.netlify.app/?id=250,"https://www.google.com/maps/@?api=1&map_action=map&center=57.7815,-4.91161&zoom=15&basemap=satellite",0.55,1.43,13.47
251,(unnamed),Scotland,,7919,576.3,176,57.10743,-4.93601,https://tarns.netlify.app/?id=251,"https://www.google.com/maps/@?api=1&map_action=map&center=57.10743,-4.93601&zoom=15&basemap=satellite",0.62,2.36,0.79
252,(unnamed),Scotland,lake,9818,574.4,210,56.81577,-5.70338,https://tarns.netlify.app/?id=252,"https://www.google.com/maps/@?api=1&map_action=map&center=56.81577,-5.70338&zoom=15&basemap=satellite",0.707,3.16,0.98
253,(unnamed),Scotland,,18899,573.1,247,57.27976,-4.70611,https://tarns.netlify.app/?id=253,"https://www.google.com/maps/@?api=1&map_action=map&center=57.27976,-4.70611&zoom=15&basemap=satellite",0.547,1.56,1.89
254,(unnamed),Scotland,pond,6067,572.8,119,57.18102,-4.69475,https://tarns.netlify.app/?id=254,"https://www.google.com/maps/@?api=1&map_action=map&center=57.18102,-4.69475&zoom=15&basemap=satellite",0.547,1.09,0.61
255,(unnamed),Scotland,,6195,572.4,111,57.25902,-4.56532,https://tarns.netlify.app/?id=255,"https://www.google.com/maps/@?api=1&map_action=map&center=57.25902,-4.56532&zoom=15&basemap=satellite",0.75,1.42,0.62
256,(unnamed),Scotland,lake,5887,571.9,156,55.1664,-4.49752,https://tarns.netlify.app/?id=256,"https://www.google.com/maps/@?api=1&map_action=map&center=55.1664,-4.49752&zoom=15&basemap=satellite",0.535,2.09,0.59
257,An Gorm-Loch,Scotland,,161489,571.8,895,57.45941,-4.96095,https://tarns.netlify.app/?id=257,"https://www.google.com/maps/@?api=1&map_action=map&center=57.45941,-4.96095&zoom=15&basemap=satellite",0.571,2.83,16.15
258,(unnamed),Scotland,,28801,571.3,281,57.2279,-4.85968,https://tarns.netlify.app/?id=258,"https://www.google.com/maps/@?api=1&map_action=map&center=57.2279,-4.85968&zoom=15&basemap=satellite",0.568,1.55,2.88
259,Lochan Bac an Locahin,Scotland,,16776,570.9,339,56.72314,-5.65719,https://tarns.netlify.app/?id=259,"https://www.google.com/maps/@?api=1&map_action=map&center=56.72314,-5.65719&zoom=15&basemap=satellite",0.374,2.56,1.68
260,Llyn yr Adar,Wales,,53074,570.8,353,53.01237,-4.00545,https://tarns.netlify.app/?id=260,"https://www.google.com/maps/@?api=1&map_action=map&center=53.01237,-4.00545&zoom=15&basemap=satellite",0.711,1.64,5.31
261,(unnamed),Scotland,,5786,570.6,144,56.93244,-4.45622,https://tarns.netlify.app/?id=261,"https://www.google.com/maps/@?api=1&map_action=map&center=56.93244,-4.45622&zoom=15&basemap=satellite",0.498,1.23,0.58
262,(unnamed),Scotland,,9341,569.7,1275,56.96278,-4.55934,https://tarns.netlify.app/?id=262,"https://www.google.com/maps/@?api=1&map_action=map&center=56.96278,-4.55934&zoom=15&basemap=satellite",0.074,12.83,0.93
263,(unnamed),Scotland,lake,8436,569.3,146,57.26656,-4.63021,https://tarns.netlify.app/?id=263,"https://www.google.com/maps/@?api=1&map_action=map&center=57.26656,-4.63021&zoom=15&basemap=satellite",0.808,2.01,0.84
264,Llyn Cwm Llwch,Wales,lake,7940,569.2,121,51.88764,-3.45166,https://tarns.netlify.app/?id=264,"https://www.google.com/maps/@?api=1&map_action=map&center=51.88764,-3.45166&zoom=15&basemap=satellite",0.807,1.47,0.79
265,Lochan Dubh,Scotland,,12203,568.9,153,57.13914,-3.70393,https://tarns.netlify.app/?id=265,"https://www.google.com/maps/@?api=1&map_action=map&center=57.13914,-3.70393&zoom=15&basemap=satellite",0.763,1.45,1.22
266,Lochan a' Chait,Scotland,,51781,568.3,521,56.68281,-3.88615,https://tarns.netlify.app/?id=266,"https://www.google.com/maps/@?api=1&map_action=map&center=56.68281,-3.88615&zoom=15&basemap=satellite",0.613,3.14,5.18
267,(unnamed),Scotland,lake,15476,567.6,210,58.14692,-4.87824,https://tarns.netlify.app/?id=267,"https://www.google.com/maps/@?api=1&map_action=map&center=58.14692,-4.87824&zoom=15&basemap=satellite",0.591,1.69,1.55
268,(unnamed),Scotland,,11445,567.1,225,57.23938,-5.53354,https://tarns.netlify.app/?id=268,"https://www.google.com/maps/@?api=1&map_action=map&center=57.23938,-5.53354&zoom=15&basemap=satellite",0.534,2.35,1.14
269,Loch a' Coire Uaine,Scotland,,15528,567.0,230,57.16433,-5.42794,https://tarns.netlify.app/?id=269,"https://www.google.com/maps/@?api=1&map_action=map&center=57.16433,-5.42794&zoom=15&basemap=satellite",0.657,2.16,1.55
270,(unnamed),Scotland,,6699,566.5,166,57.17108,-4.72772,https://tarns.netlify.app/?id=270,"https://www.google.com/maps/@?api=1&map_action=map&center=57.17108,-4.72772&zoom=15&basemap=satellite",0.608,2.48,0.67
271,Lochan Gobhlach,Scotland,,12375,566.4,270,57.52965,-5.37441,https://tarns.netlify.app/?id=271,"https://www.google.com/maps/@?api=1&map_action=map&center=57.52965,-5.37441&zoom=15&basemap=satellite",0.447,2.55,1.24
272,(unnamed),Scotland,lake,17279,566.2,255,57.23023,-4.81633,https://tarns.netlify.app/?id=272,"https://www.google.com/maps/@?api=1&map_action=map&center=57.23023,-4.81633&zoom=15&basemap=satellite",0.651,2.17,1.73
273,Gameshope Loch,Scotland,,13533,566.1,189,55.43326,-3.37646,https://tarns.netlify.app/?id=273,"https://www.google.com/maps/@?api=1&map_action=map&center=55.43326,-3.37646&zoom=15&basemap=satellite",0.729,1.75,1.35
274,Llyn y Biswail,Wales,,7786,565.3,182,53.0066,-4.01491,https://tarns.netlify.app/?id=274,"https://www.google.com/maps/@?api=1&map_action=map&center=53.0066,-4.01491&zoom=15&basemap=satellite",0.83,3.47,0.78
275,Lochan Coire Lagan,Scotland,lake,6484,564.9,115,57.20742,-6.23351,https://tarns.netlify.app/?id=275,"https://www.google.com/maps/@?api=1&map_action=map&center=57.20742,-6.23351&zoom=15&basemap=satellite",0.62,1.24,0.65
276,Loch na Gabhalach Nodha,Scotland,lake,75191,564.5,519,57.83255,-4.76337,https://tarns.netlify.app/?id=276,"https://www.google.com/maps/@?api=1&map_action=map&center=57.83255,-4.76337&zoom=15&basemap=satellite",0.598,2.13,7.52
277,Lochan Seogh,Scotland,lake,28536,564.3,236,57.23013,-4.82033,https://tarns.netlify.app/?id=277,"https://www.google.com/maps/@?api=1&map_action=map&center=57.23013,-4.82033&zoom=15&basemap=satellite",0.681,1.28,2.85
278,Roch nan Gobhar,Scotland,,9207,563.8,216,57.45424,-5.31016,https://tarns.netlify.app/?id=278,"https://www.google.com/maps/@?api=1&map_action=map&center=57.45424,-5.31016&zoom=15&basemap=satellite",0.477,2.24,0.92
279,Lochan Dubh,Scotland,,5441,563.6,111,56.29045,-4.6784,https://tarns.netlify.app/?id=279,"https://www.google.com/maps/@?api=1&map_action=map&center=56.29045,-4.6784&zoom=15&basemap=satellite",0.7,1.29,0.54
280,(unnamed),Scotland,,55914,563.6,387,57.33918,-4.83888,https://tarns.netlify.app/?id=280,"https://www.google.com/maps/@?api=1&map_action=map&center=57.33918,-4.83888&zoom=15&basemap=satellite",0.624,1.47,5.59
281,Loch Coireag nam Mang,Scotland,,16980,563.4,258,57.50348,-5.13961,https://tarns.netlify.app/?id=281,"https://www.google.com/maps/@?api=1&map_action=map&center=57.50348,-5.13961&zoom=15&basemap=satellite",0.533,1.77,1.7
282,Angle Tarn,England,,34067,563.0,233,54.45862,-3.16718,https://tarns.netlify.app/?id=282,"https://www.google.com/maps/@?api=1&map_action=map&center=54.45862,-3.16718&zoom=15&basemap=satellite",0.753,1.05,3.41
283,Lochan Sgaradh Gobhair,Scotland,,21633,561.9,298,56.6919,-3.82491,https://tarns.netlify.app/?id=283,"https://www.google.com/maps/@?api=1&map_action=map&center=56.6919,-3.82491&zoom=15&basemap=satellite",0.63,2.48,2.16
284,Loch a' Choire Raibhaich,Scotland,lake,15672,561.8,233,57.53187,-4.81407,https://tarns.netlify.app/?id=284,"https://www.google.com/maps/@?api=1&map_action=map&center=57.53187,-4.81407&zoom=15&basemap=satellite",0.737,2.54,1.57
285,(unnamed),Scotland,,5642,561.6,148,57.41265,-5.71324,https://tarns.netlify.app/?id=285,"https://www.google.com/maps/@?api=1&map_action=map&center=57.41265,-5.71324&zoom=15&basemap=satellite",0.622,2.42,0.56
286,Loch a' Bhrisidh,Scotland,,80528,561.6,476,57.72947,-5.26179,https://tarns.netlify.app/?id=286,"https://www.google.com/maps/@?api=1&map_action=map&center=57.72947,-5.26179&zoom=15&basemap=satellite",0.702,1.95,8.05
287,Lochan Cnapach,Scotland,,41095,560.5,318,57.75046,-5.35331,https://tarns.netlify.app/?id=287,"https://www.google.com/maps/@?api=1&map_action=map&center=57.75046,-5.35331&zoom=15&basemap=satellite",0.724,1.68,4.11
288,(unnamed),Scotland,pond,9321,560.1,223,57.4864,-4.92219,https://tarns.netlify.app/?id=288,"https://www.google.com/maps/@?api=1&map_action=map&center=57.4864,-4.92219&zoom=15&basemap=satellite",0.599,3.17,0.93
289,Loch a' Choire Mhòir,Scotland,lake,65329,559.8,425,57.68701,-4.55791,https://tarns.netlify.app/?id=289,"https://www.google.com/maps/@?api=1&map_action=map&center=57.68701,-4.55791&zoom=15&basemap=satellite",0.524,1.35,6.53
290,Loch a' Mhadaidh,Scotland,,308565,559.7,805,57.71237,-5.02446,https://tarns.netlify.app/?id=290,"https://www.google.com/maps/@?api=1&map_action=map&center=57.71237,-5.02446&zoom=15&basemap=satellite",0.585,1.13,30.86
291,Lochan Meall an t-Suidhe,Scotland,,106452,559.3,782,56.80939,-5.04202,https://tarns.netlify.app/?id=291,"https://www.google.com/maps/@?api=1&map_action=map&center=56.80939,-5.04202&zoom=15&basemap=satellite",0.599,3.41,10.65
292,(unnamed),Scotland,,6149,558.9,169,57.59655,-5.57646,https://tarns.netlify.app/?id=292,"https://www.google.com/maps/@?api=1&map_action=map&center=57.59655,-5.57646&zoom=15&basemap=satellite",0.588,2.56,0.61
293,(unnamed),Scotland,,8827,558.5,143,57.18412,-4.69117,https://tarns.netlify.app/?id=293,"https://www.google.com/maps/@?api=1&map_action=map&center=57.18412,-4.69117&zoom=15&basemap=satellite",0.681,1.51,0.88
294,Loch nan Gobhar,Scotland,,33398,557.8,451,57.23112,-4.80456,https://tarns.netlify.app/?id=294,"https://www.google.com/maps/@?api=1&map_action=map&center=57.23112,-4.80456&zoom=15&basemap=satellite",0.522,2.97,3.34
295,Llyn y Gader,Wales,lake,47137,557.8,339,52.70394,-3.91391,https://tarns.netlify.app/?id=295,"https://www.google.com/maps/@?api=1&map_action=map&center=52.70394,-3.91391&zoom=15&basemap=satellite",0.725,1.74,4.71
296,(unnamed),Scotland,,7927,556.3,187,57.43624,-5.53717,https://tarns.netlify.app/?id=296,"https://www.google.com/maps/@?api=1&map_action=map&center=57.43624,-5.53717&zoom=15&basemap=satellite",0.496,2.18,0.79
297,Lochan an Talamh Dheirg,Scotland,,12688,556.3,148,57.04067,-5.52385,https://tarns.netlify.app/?id=297,"https://www.google.com/maps/@?api=1&map_action=map&center=57.04067,-5.52385&zoom=15&basemap=satellite",0.762,1.07,1.27
298,Loch Magharaidh,Scotland,,232831,556.1,798,57.7564,-4.60349,https://tarns.netlify.app/?id=298,"https://www.google.com/maps/@?api=1&map_action=map&center=57.7564,-4.60349&zoom=15&basemap=satellite",0.771,1.94,23.28
299,Lochan,Scotland,,9737,556.1,135,57.20983,-6.21201,https://tarns.netlify.app/?id=299,"https://www.google.com/maps/@?api=1&map_action=map&center=57.20983,-6.21201&zoom=15&basemap=satellite",0.809,1.12,0.97
300,(unnamed),Scotland,lake,6345,552.4,130,56.89214,-5.54154,https://tarns.netlify.app/?id=300,"https://www.google.com/maps/@?api=1&map_action=map&center=56.89214,-5.54154&zoom=15&basemap=satellite",0.567,1.13,0.63
301,Lochan Meall na Caillich,Scotland,,8763,551.2,138,57.43516,-5.53354,https://tarns.netlify.app/?id=301,"https://www.google.com/maps/@?api=1&map_action=map&center=57.43516,-5.53354&zoom=15&basemap=satellite",0.688,1.42,0.88
302,(unnamed),Scotland,lake,10354,551.2,160,56.46454,-4.4105,https://tarns.netlify.app/?id=302,"https://www.google.com/maps/@?api=1&map_action=map&center=56.46454,-4.4105&zoom=15&basemap=satellite",0.715,1.67,1.04
303,Outershaw Tarn,England,,9924,550.8,144,54.23451,-2.18146,https://tarns.netlify.app/?id=303,"https://www.google.com/maps/@?api=1&map_action=map&center=54.23451,-2.18146&zoom=15&basemap=satellite",0.708,1.1,0.99
304,(unnamed),Scotland,,5909,550.5,123,56.44441,-4.91613,https://tarns.netlify.app/?id=304,"https://www.google.com/maps/@?api=1&map_action=map&center=56.44441,-4.91613&zoom=15&basemap=satellite",0.557,1.06,0.59
305,Llyn Bochlwyd,Wales,lake,43592,549.9,354,53.11339,-4.0111,https://tarns.netlify.app/?id=305,"https://www.google.com/maps/@?api=1&map_action=map&center=53.11339,-4.0111&zoom=15&basemap=satellite",0.57,1.28,4.36
306,Loch Beag,Scotland,,22462,549.3,438,57.48028,-4.72685,https://tarns.netlify.app/?id=306,"https://www.google.com/maps/@?api=1&map_action=map&center=57.48028,-4.72685&zoom=15&basemap=satellite",0.581,4.93,2.25
307,(unnamed),Scotland,,18984,549.1,210,57.76454,-4.60836,https://tarns.netlify.app/?id=307,"https://www.google.com/maps/@?api=1&map_action=map&center=57.76454,-4.60836&zoom=15&basemap=satellite",0.667,1.11,1.9
308,Loch Toll nam Biast,Scotland,,62403,548.4,501,57.59733,-5.57027,https://tarns.netlify.app/?id=308,"https://www.google.com/maps/@?api=1&map_action=map&center=57.59733,-5.57027&zoom=15&basemap=satellite",0.604,2.34,6.24
309,Loch A'Chlaidheimh,Scotland,,127811,548.0,601,57.47108,-5.08844,https://tarns.netlify.app/?id=309,"https://www.google.com/maps/@?api=1&map_action=map&center=57.47108,-5.08844&zoom=15&basemap=satellite",0.623,1.43,12.78
310,(unnamed),Scotland,,9729,547.9,142,56.7528,-5.50033,https://tarns.netlify.app/?id=310,"https://www.google.com/maps/@?api=1&map_action=map&center=56.7528,-5.50033&zoom=15&basemap=satellite",0.729,1.5,0.97
311,Loch na Creige Riabhaich,Scotland,,12352,547.7,155,58.40782,-4.42449,https://tarns.netlify.app/?id=311,"https://www.google.com/maps/@?api=1&map_action=map&center=58.40782,-4.42449&zoom=15&basemap=satellite",0.733,1.26,1.24
312,Llyn Edno,Wales,,57660,547.5,419,53.02829,-3.99542,https://tarns.netlify.app/?id=312,"https://www.google.com/maps/@?api=1&map_action=map&center=53.02829,-3.99542&zoom=15&basemap=satellite",0.59,1.64,5.77
313,Feur-lochan,Scotland,lake,9027,547.3,190,57.81317,-4.68538,https://tarns.netlify.app/?id=313,"https://www.google.com/maps/@?api=1&map_action=map&center=57.81317,-4.68538&zoom=15&basemap=satellite",0.522,1.94,0.9
314,(unnamed),Scotland,,5446,546.4,160,57.59637,-5.56437,https://tarns.netlify.app/?id=314,"https://www.google.com/maps/@?api=1&map_action=map&center=57.59637,-5.56437&zoom=15&basemap=satellite",0.442,1.78,0.54
315,Loch na Mang,Scotland,,23626,546.4,225,58.31644,-4.74745,https://tarns.netlify.app/?id=315,"https://www.google.com/maps/@?api=1&map_action=map&center=58.31644,-4.74745&zoom=15&basemap=satellite",0.721,1.22,2.36
316,(unnamed),Scotland,lake,6781,545.7,128,57.26168,-4.65638,https://tarns.netlify.app/?id=316,"https://www.google.com/maps/@?api=1&map_action=map&center=57.26168,-4.65638&zoom=15&basemap=satellite",0.666,1.45,0.68
317,Loch Prille,Scotland,,90647,545.7,674,57.79387,-4.88073,https://tarns.netlify.app/?id=317,"https://www.google.com/maps/@?api=1&map_action=map&center=57.79387,-4.88073&zoom=15&basemap=satellite",0.567,2.84,9.06
318,Feur-lochan,Scotland,,9271,545.5,211,57.71189,-4.62236,https://tarns.netlify.app/?id=318,"https://www.google.com/maps/@?api=1&map_action=map&center=57.71189,-4.62236&zoom=15&basemap=satellite",0.697,3.33,0.93
319,Lochan a' Choire Ghuirm,Scotland,lake,26813,544.9,318,58.19538,-4.95941,https://tarns.netlify.app/?id=319,"https://www.google.com/maps/@?api=1&map_action=map&center=58.19538,-4.95941&zoom=15&basemap=satellite",0.57,2.15,2.68
320,Low Water,England,,19546,544.6,210,54.37464,-3.11789,https://tarns.netlify.app/?id=320,"https://www.google.com/maps/@?api=1&map_action=map&center=54.37464,-3.11789&zoom=15&basemap=satellite",0.677,1.48,1.95
321,Heart Loch,Scotland,,11242,541.7,153,56.44271,-4.9095,https://tarns.netlify.app/?id=321,"https://www.google.com/maps/@?api=1&map_action=map&center=56.44271,-4.9095&zoom=15&basemap=satellite",0.638,1.25,1.12
322,Loch a' Mhadaih Ruadh,Scotland,,12984,541.6,190,57.47904,-5.45631,https://tarns.netlify.app/?id=322,"https://www.google.com/maps/@?api=1&map_action=map&center=57.47904,-5.45631&zoom=15&basemap=satellite",0.659,1.5,1.3
323,An Gorm-loch,Scotland,,99600,540.8,547,57.47999,-4.71527,https://tarns.netlify.app/?id=323,"https://www.google.com/maps/@?api=1&map_action=map&center=57.47999,-4.71527&zoom=15&basemap=satellite",0.546,1.33,9.96
324,Grisedale Tarn,England,,117191,540.3,564,54.49953,-3.00705,https://tarns.netlify.app/?id=324,"https://www.google.com/maps/@?api=1&map_action=map&center=54.49953,-3.00705&zoom=15&basemap=satellite",0.69,1.84,11.72
325,Loch nan Druidean,Scotland,lake,80161,539.5,477,57.70523,-4.58452,https://tarns.netlify.app/?id=325,"https://www.google.com/maps/@?api=1&map_action=map&center=57.70523,-4.58452&zoom=15&basemap=satellite",0.712,1.94,8.02
326,(unnamed),Scotland,,6789,539.3,122,57.5979,-5.56104,https://tarns.netlify.app/?id=326,"https://www.google.com/maps/@?api=1&map_action=map&center=57.5979,-5.56104&zoom=15&basemap=satellite",0.678,1.38,0.68
327,Loch Toll a' Mhuic,Scotland,,41267,538.7,334,57.43517,-4.95019,https://tarns.netlify.app/?id=327,"https://www.google.com/maps/@?api=1&map_action=map&center=57.43517,-4.95019&zoom=15&basemap=satellite",0.676,1.82,4.13
328,Llyn Du,Wales,,19810,537.8,242,52.31315,-3.76213,https://tarns.netlify.app/?id=328,"https://www.google.com/maps/@?api=1&map_action=map&center=52.31315,-3.76213&zoom=15&basemap=satellite",0.69,2.03,1.98
329,Loch Gorm,Scotland,,217352,537.2,673,57.68118,-4.95421,https://tarns.netlify.app/?id=329,"https://www.google.com/maps/@?api=1&map_action=map&center=57.68118,-4.95421&zoom=15&basemap=satellite",0.701,1.44,21.74
330,Loch Fearna,Scotland,,104711,536.7,458,57.07788,-5.20954,https://tarns.netlify.app/?id=330,"https://www.google.com/maps/@?api=1&map_action=map&center=57.07788,-5.20954&zoom=15&basemap=satellite",0.662,1.23,10.47
331,(unnamed),Scotland,,12595,536.4,232,55.3198,-4.0604,https://tarns.netlify.app/?id=331,"https://www.google.com/maps/@?api=1&map_action=map&center=55.3198,-4.0604&zoom=15&basemap=satellite",0.81,3.45,1.26
332,Loch Bealach nam Buthan,Scotland,,13612,536.0,218,57.76933,-4.98357,https://tarns.netlify.app/?id=332,"https://www.google.com/maps/@?api=1&map_action=map&center=57.76933,-4.98357&zoom=15&basemap=satellite",0.719,2.45,1.36
333,Loch na Leirisdein,Scotland,,88868,535.8,533,57.26897,-4.70319,https://tarns.netlify.app/?id=333,"https://www.google.com/maps/@?api=1&map_action=map&center=57.26897,-4.70319&zoom=15&basemap=satellite",0.581,1.85,8.89
334,Loch Dithreabh na Cuileige,Scotland,,18201,535.4,258,57.40928,-5.71035,https://tarns.netlify.app/?id=334,"https://www.google.com/maps/@?api=1&map_action=map&center=57.40928,-5.71035&zoom=15&basemap=satellite",0.539,1.96,1.82
335,Loch na Caillich,Scotland,lake,28530,534.5,238,57.52626,-4.78054,https://tarns.netlify.app/?id=335,"https://www.google.com/maps/@?api=1&map_action=map&center=57.52626,-4.78054&zoom=15&basemap=satellite",0.687,1.34,2.85
336,Llyn y Foel,Wales,,37326,534.4,295,53.07473,-3.9205,https://tarns.netlify.app/?id=336,"https://www.google.com/maps/@?api=1&map_action=map&center=53.07473,-3.9205&zoom=15&basemap=satellite",0.68,1.54,3.73
337,(unnamed),Scotland,lake,46564,534.4,382,57.2739,-4.71444,https://tarns.netlify.app/?id=337,"https://www.google.com/maps/@?api=1&map_action=map&center=57.2739,-4.71444&zoom=15&basemap=satellite",0.51,1.24,4.66
338,Llyn Carw,Wales,,16187,533.4,174,52.23677,-3.67663,https://tarns.netlify.app/?id=338,"https://www.google.com/maps/@?api=1&map_action=map&center=52.23677,-3.67663&zoom=15&basemap=satellite",0.778,1.31,1.62
339,Llynnoedd Ieuan,Wales,pond,107609,533.2,870,52.41796,-3.76935,https://tarns.netlify.app/?id=339,"https://www.google.com/maps/@?api=1&map_action=map&center=52.41796,-3.76935&zoom=15&basemap=satellite",0.208,1.34,10.76
340,Loch a` Mhuilinn,Scotland,,125137,533.2,684,57.26794,-4.71559,https://tarns.netlify.app/?id=340,"https://www.google.com/maps/@?api=1&map_action=map&center=57.26794,-4.71559&zoom=15&basemap=satellite",0.467,1.74,12.51
341,Llyn Cwm-corsiog,Wales,lake,24659,533.0,297,53.00393,-3.9928,https://tarns.netlify.app/?id=341,"https://www.google.com/maps/@?api=1&map_action=map&center=53.00393,-3.9928&zoom=15&basemap=satellite",0.51,1.79,2.47
342,Llyn Hywel,Wales,,52991,533.0,387,52.82081,-3.98451,https://tarns.netlify.app/?id=342,"https://www.google.com/maps/@?api=1&map_action=map&center=52.82081,-3.98451&zoom=15&basemap=satellite",0.65,1.76,5.3
343,Loch Bhuic Mhòir,Scotland,,30730,532.8,409,57.27805,-5.44816,https://tarns.netlify.app/?id=343,"https://www.google.com/maps/@?api=1&map_action=map&center=57.27805,-5.44816&zoom=15&basemap=satellite",0.488,2.31,3.07
344,Lochan Coire na Poite,Scotland,,10420,532.5,174,57.44354,-5.6555,https://tarns.netlify.app/?id=344,"https://www.google.com/maps/@?api=1&map_action=map&center=57.44354,-5.6555&zoom=15&basemap=satellite",0.612,1.1,1.04
345,Llyn Fyrddon fach,Wales,,34465,532.2,382,52.31592,-3.76686,https://tarns.netlify.app/?id=345,"https://www.google.com/maps/@?api=1&map_action=map&center=52.31592,-3.76686&zoom=15&basemap=satellite",0.497,2.07,3.45
346,Lochan na Beinne,Scotland,,16335,531.4,271,57.15448,-3.64464,https://tarns.netlify.app/?id=346,"https://www.google.com/maps/@?api=1&map_action=map&center=57.15448,-3.64464&zoom=15&basemap=satellite",0.609,2.68,1.63
347,Llyn Nadroedd,Wales,lake,11268,530.8,156,53.06762,-4.09829,https://tarns.netlify.app/?id=347,"https://www.google.com/maps/@?api=1&map_action=map&center=53.06762,-4.09829&zoom=15&basemap=satellite",0.734,1.55,1.13
348,(unnamed),Scotland,,10208,530.8,157,57.1086,-5.61909,https://tarns.netlify.app/?id=348,"https://www.google.com/maps/@?api=1&map_action=map&center=57.1086,-5.61909&zoom=15&basemap=satellite",0.717,1.71,1.02
349,(unnamed),Scotland,lake,8227,530.6,142,57.26155,-4.6452,https://tarns.netlify.app/?id=349,"https://www.google.com/maps/@?api=1&map_action=map&center=57.26155,-4.6452&zoom=15&basemap=satellite",0.665,1.62,0.82
350,(unnamed),Scotland,,26571,530.5,263,56.35749,-4.92516,https://tarns.netlify.app/?id=350,"https://www.google.com/maps/@?api=1&map_action=map&center=56.35749,-4.92516&zoom=15&basemap=satellite",0.637,1.56,2.66
351,(unnamed),Scotland,,15138,530.2,228,56.85623,-4.51729,https://tarns.netlify.app/?id=351,"https://www.google.com/maps/@?api=1&map_action=map&center=56.85623,-4.51729&zoom=15&basemap=satellite",0.596,1.55,1.51
352,Llyn Dulyn,Wales,,21718,530.2,247,52.80067,-3.98633,https://tarns.netlify.app/?id=352,"https://www.google.com/maps/@?api=1&map_action=map&center=52.80067,-3.98633&zoom=15&basemap=satellite",0.693,1.86,2.17
353,(unnamed),Scotland,pond,9198,529.7,147,56.71631,-5.43889,https://tarns.netlify.app/?id=353,"https://www.google.com/maps/@?api=1&map_action=map&center=56.71631,-5.43889&zoom=15&basemap=satellite",0.66,1.24,0.92
354,Lochan a' Bhealaich,Scotland,,77811,529.5,477,58.31051,-4.75532,https://tarns.netlify.app/?id=354,"https://www.google.com/maps/@?api=1&map_action=map&center=58.31051,-4.75532&zoom=15&basemap=satellite",0.69,2.01,7.78
355,Lochan Bealach na h-Uidhe,Scotland,,30866,529.4,257,58.18485,-4.95361,https://tarns.netlify.app/?id=355,"https://www.google.com/maps/@?api=1&map_action=map&center=58.18485,-4.95361&zoom=15&basemap=satellite",0.723,1.54,3.09
356,(unnamed),Scotland,,25626,529.3,249,56.47153,-4.39757,https://tarns.netlify.app/?id=356,"https://www.google.com/maps/@?api=1&map_action=map&center=56.47153,-4.39757&zoom=15&basemap=satellite",0.626,1.14,2.56
357,(unnamed),Scotland,,16279,529.1,174,57.26932,-4.58317,https://tarns.netlify.app/?id=357,"https://www.google.com/maps/@?api=1&map_action=map&center=57.26932,-4.58317&zoom=15&basemap=satellite",0.712,1.01,1.63
358,Llyn Glâs,Wales,,5312,528.6,109,53.07038,-4.09057,https://tarns.netlify.app/?id=358,"https://www.google.com/maps/@?api=1&map_action=map&center=53.07038,-4.09057&zoom=15&basemap=satellite",0.728,1.01,0.53
359,(unnamed),Scotland,,5486,528.3,126,57.51576,-5.36759,https://tarns.netlify.app/?id=359,"https://www.google.com/maps/@?api=1&map_action=map&center=57.51576,-5.36759&zoom=15&basemap=satellite",0.573,1.61,0.55
360,Loch a' Mhaoil Dhìsnich,Scotland,lake,48729,528.3,371,57.13934,-5.17643,https://tarns.netlify.app/?id=360,"https://www.google.com/maps/@?api=1&map_action=map&center=57.13934,-5.17643&zoom=15&basemap=satellite",0.61,1.33,4.87
361,(unnamed),Scotland,,16138,528.1,211,57.16832,-4.72583,https://tarns.netlify.app/?id=361,"https://www.google.com/maps/@?api=1&map_action=map&center=57.16832,-4.72583&zoom=15&basemap=satellite",0.576,1.54,1.61
362,Loch Coire na Caime,Scotland,lake,26388,528.1,301,57.56604,-5.4762,https://tarns.netlify.app/?id=362,"https://www.google.com/maps/@?api=1&map_action=map&center=57.56604,-5.4762&zoom=15&basemap=satellite",0.621,2.03,2.64
363,Gorm Loch,Scotland,,155252,527.8,650,57.77695,-4.80685,https://tarns.netlify.app/?id=363,"https://www.google.com/maps/@?api=1&map_action=map&center=57.77695,-4.80685&zoom=15&basemap=satellite",0.679,1.63,15.53
364,(unnamed),Scotland,,20905,527.8,349,56.59622,-5.23922,https://tarns.netlify.app/?id=364,"https://www.google.com/maps/@?api=1&map_action=map&center=56.59622,-5.23922&zoom=15&basemap=satellite",0.627,3.63,2.09
365,(unnamed),Scotland,lake,5213,527.8,131,57.56748,-5.47621,https://tarns.netlify.app/?id=365,"https://www.google.com/maps/@?api=1&map_action=map&center=57.56748,-5.47621&zoom=15&basemap=satellite",0.667,2.16,0.52
366,(unnamed),Scotland,,39313,527.3,362,58.41683,-4.59534,https://tarns.netlify.app/?id=366,"https://www.google.com/maps/@?api=1&map_action=map&center=58.41683,-4.59534&zoom=15&basemap=satellite",0.551,1.04,3.93
367,Loch Misirich,Scotland,lake,80787,527.0,441,57.68588,-4.50837,https://tarns.netlify.app/?id=367,"https://www.google.com/maps/@?api=1&map_action=map&center=57.68588,-4.50837&zoom=15&basemap=satellite",0.669,1.27,8.08
368,Lochan na Beinne Baine,Scotland,lake,6241,527.0,121,57.00204,-5.15697,https://tarns.netlify.app/?id=368,"https://www.google.com/maps/@?api=1&map_action=map&center=57.00204,-5.15697&zoom=15&basemap=satellite",0.647,1.5,0.62
369,Whitaside Tarn,England,,6792,527.0,145,54.3515,-2.03616,https://tarns.netlify.app/?id=369,"https://www.google.com/maps/@?api=1&map_action=map&center=54.3515,-2.03616&zoom=15&basemap=satellite",0.575,1.67,0.68
370,Crom Loch,Scotland,lake,374100,526.6,1148,57.80483,-4.6973,https://tarns.netlify.app/?id=370,"https://www.google.com/maps/@?api=1&map_action=map&center=57.80483,-4.6973&zoom=15&basemap=satellite",0.573,1.78,37.41
371,Loch Coire Ghàidheil,Scotland,,5238,526.6,108,57.25139,-5.15762,https://tarns.netlify.app/?id=371,"https://www.google.com/maps/@?api=1&map_action=map&center=57.25139,-5.15762&zoom=15&basemap=satellite",0.674,1.37,0.52
372,Llyn Pryfed,Wales,lake,14081,525.6,280,52.86957,-3.98474,https://tarns.netlify.app/?id=372,"https://www.google.com/maps/@?api=1&map_action=map&center=52.86957,-3.98474&zoom=15&basemap=satellite",0.602,3.31,1.41
373,(unnamed),Scotland,lake,16150,524.9,212,56.30303,-5.13359,https://tarns.netlify.app/?id=373,"https://www.google.com/maps/@?api=1&map_action=map&center=56.30303,-5.13359&zoom=15&basemap=satellite",0.675,1.46,1.62
374,Summer Lodge Tarn,England,,27970,524.7,226,54.34998,-2.07782,https://tarns.netlify.app/?id=374,"https://www.google.com/maps/@?api=1&map_action=map&center=54.34998,-2.07782&zoom=15&basemap=satellite",0.785,1.0,2.8
375,Loch Coire Chuir,Scotland,lake,27344,524.5,451,56.92771,-4.45668,https://tarns.netlify.app/?id=375,"https://www.google.com/maps/@?api=1&map_action=map&center=56.92771,-4.45668&zoom=15&basemap=satellite",0.572,4.25,2.73
376,(unnamed),Scotland,lake,17128,524.4,176,57.2451,-4.71764,https://tarns.netlify.app/?id=376,"https://www.google.com/maps/@?api=1&map_action=map&center=57.2451,-4.71764&zoom=15&basemap=satellite",0.811,1.21,1.71
377,Loch Feith nan Cleireach,Scotland,,53501,523.8,379,57.76743,-4.97424,https://tarns.netlify.app/?id=377,"https://www.google.com/maps/@?api=1&map_action=map&center=57.76743,-4.97424&zoom=15&basemap=satellite",0.624,1.61,5.35
378,(unnamed),Scotland,,48756,523.4,421,57.46982,-5.80623,https://tarns.netlify.app/?id=378,"https://www.google.com/maps/@?api=1&map_action=map&center=57.46982,-5.80623&zoom=15&basemap=satellite",0.523,1.17,4.88
379,Red Tarn,England,,6091,522.5,172,54.42365,-3.12971,https://tarns.netlify.app/?id=379,"https://www.google.com/maps/@?api=1&map_action=map&center=54.42365,-3.12971&zoom=15&basemap=satellite",0.73,3.52,0.61
380,(unnamed),Wales,,6381,521.5,131,51.81963,-3.31777,https://tarns.netlify.app/?id=380,"https://www.google.com/maps/@?api=1&map_action=map&center=51.81963,-3.31777&zoom=15&basemap=satellite",0.549,1.34,0.64
381,Loch a Choire,Scotland,,28776,521.4,302,56.74295,-3.72337,https://tarns.netlify.app/?id=381,"https://www.google.com/maps/@?api=1&map_action=map&center=56.74295,-3.72337&zoom=15&basemap=satellite",0.705,2.23,2.88
382,(unnamed),Scotland,pond,12239,520.5,194,57.25043,-4.7899,https://tarns.netlify.app/?id=382,"https://www.google.com/maps/@?api=1&map_action=map&center=57.25043,-4.7899&zoom=15&basemap=satellite",0.666,2.0,1.22
383,(unnamed),Scotland,,8256,520.3,137,57.61584,-5.36484,https://tarns.netlify.app/?id=383,"https://www.google.com/maps/@?api=1&map_action=map&center=57.61584,-5.36484&zoom=15&basemap=satellite",0.729,1.42,0.83
384,Llyn Twr-glas,Wales,lake,6413,520.3,132,52.87267,-3.98735,https://tarns.netlify.app/?id=384,"https://www.google.com/maps/@?api=1&map_action=map&center=52.87267,-3.98735&zoom=15&basemap=satellite",0.687,1.72,0.64
385,Loch Sgeireach,Scotland,,116267,520.1,891,57.71388,-4.96651,https://tarns.netlify.app/?id=385,"https://www.google.com/maps/@?api=1&map_action=map&center=57.71388,-4.96651&zoom=15&basemap=satellite",0.523,3.54,11.63
386,(unnamed),Scotland,,5682,519.8,165,57.27445,-4.56745,https://tarns.netlify.app/?id=386,"https://www.google.com/maps/@?api=1&map_action=map&center=57.27445,-4.56745&zoom=15&basemap=satellite",0.638,2.98,0.57
387,Llyn Coch,Wales,lake,11774,519.4,187,53.06904,-4.09346,https://tarns.netlify.app/?id=387,"https://www.google.com/maps/@?api=1&map_action=map&center=53.06904,-4.09346&zoom=15&basemap=satellite",0.505,1.48,1.18
388,Loch Coire na Rainich,Scotland,lake,14203,519.4,191,57.25624,-4.65144,https://tarns.netlify.app/?id=388,"https://www.google.com/maps/@?api=1&map_action=map&center=57.25624,-4.65144&zoom=15&basemap=satellite",0.594,1.51,1.42
389,Loch Odhar,Scotland,,18816,519.1,246,57.68776,-4.95254,https://tarns.netlify.app/?id=389,"https://www.google.com/maps/@?api=1&map_action=map&center=57.68776,-4.95254&zoom=15&basemap=satellite",0.633,1.98,1.88
390,Llyn Fryddon fawr,Wales,,144817,518.9,751,52.32161,-3.76181,https://tarns.netlify.app/?id=390,"https://www.google.com/maps/@?api=1&map_action=map&center=52.32161,-3.76181&zoom=15&basemap=satellite",0.537,1.92,14.48
391,(unnamed),Scotland,,6204,518.7,135,57.46566,-5.80537,https://tarns.netlify.app/?id=391,"https://www.google.com/maps/@?api=1&map_action=map&center=57.46566,-5.80537&zoom=15&basemap=satellite",0.569,1.65,0.62
392,Loch Allt an Daraich,Scotland,,9800,518.7,261,57.61492,-5.36763,https://tarns.netlify.app/?id=392,"https://www.google.com/maps/@?api=1&map_action=map&center=57.61492,-5.36763&zoom=15&basemap=satellite",0.499,3.42,0.98
393,(unnamed),Scotland,,12805,518.6,164,57.44221,-5.65311,https://tarns.netlify.app/?id=393,"https://www.google.com/maps/@?api=1&map_action=map&center=57.44221,-5.65311&zoom=15&basemap=satellite",0.691,1.4,1.28
394,(unnamed),Scotland,lake,5718,518.5,152,57.24512,-4.72627,https://tarns.netlify.app/?id=394,"https://www.google.com/maps/@?api=1&map_action=map&center=57.24512,-4.72627&zoom=15&basemap=satellite",0.68,2.66,0.57
395,Low Tarn,England,,35540,518.5,374,54.47244,-3.29497,https://tarns.netlify.app/?id=395,"https://www.google.com/maps/@?api=1&map_action=map&center=54.47244,-3.29497&zoom=15&basemap=satellite",0.629,2.47,3.55
396,(unnamed),Scotland,,9476,518.3,931,56.93025,-4.34472,https://tarns.netlify.app/?id=396,"https://www.google.com/maps/@?api=1&map_action=map&center=56.93025,-4.34472&zoom=15&basemap=satellite",0.101,9.19,0.95
397,Llynnau Diffwys,Wales,lake,18183,518.0,445,53.00151,-3.99971,https://tarns.netlify.app/?id=397,"https://www.google.com/maps/@?api=1&map_action=map&center=53.00151,-3.99971&zoom=15&basemap=satellite",0.385,4.16,1.82
398,Loch a' Choire Dheirg,Scotland,lake,42442,517.8,289,58.19918,-4.97643,https://tarns.netlify.app/?id=398,"https://www.google.com/maps/@?api=1&map_action=map&center=58.19918,-4.97643&zoom=15&basemap=satellite",0.728,1.29,4.24
399,(unnamed),Scotland,pond,8688,517.7,154,57.47971,-4.9118,https://tarns.netlify.app/?id=399,"https://www.google.com/maps/@?api=1&map_action=map&center=57.47971,-4.9118&zoom=15&basemap=satellite",0.773,1.79,0.87
400,(unnamed),Scotland,,5329,517.2,119,58.41876,-4.8779,https://tarns.netlify.app/?id=400,"https://www.google.com/maps/@?api=1&map_action=map&center=58.41876,-4.8779&zoom=15&basemap=satellite",0.722,1.67,0.53
401,(unnamed),Scotland,pond,7814,517.0,189,57.80095,-4.81124,https://tarns.netlify.app/?id=401,"https://www.google.com/maps/@?api=1&map_action=map&center=57.80095,-4.81124&zoom=15&basemap=satellite",0.422,1.94,0.78
402,Lochan Dubh,Scotland,lake,9328,516.5,154,57.8014,-4.80741,https://tarns.netlify.app/?id=402,"https://www.google.com/maps/@?api=1&map_action=map&center=57.8014,-4.80741&zoom=15&basemap=satellite",0.631,1.46,0.93
403,Priest's Tarn,England,,6882,516.5,130,54.1214,-1.95989,https://tarns.netlify.app/?id=403,"https://www.google.com/maps/@?api=1&map_action=map&center=54.1214,-1.95989&zoom=15&basemap=satellite",0.667,1.64,0.69
404,Toll Lochan,Scotland,,106405,516.1,485,57.85258,-4.81465,https://tarns.netlify.app/?id=404,"https://www.google.com/maps/@?api=1&map_action=map&center=57.85258,-4.81465&zoom=15&basemap=satellite",0.69,1.47,10.64
405,Lochan Suie Dhu,Scotland,,9776,515.7,208,57.26865,-5.31781,https://tarns.netlify.app/?id=405,"https://www.google.com/maps/@?api=1&map_action=map&center=57.26865,-5.31781&zoom=15&basemap=satellite",0.53,1.95,0.98
406,(unnamed),Scotland,,18583,515.6,195,57.59468,-5.62588,https://tarns.netlify.app/?id=406,"https://www.google.com/maps/@?api=1&map_action=map&center=57.59468,-5.62588&zoom=15&basemap=satellite",0.674,1.25,1.86
407,(unnamed),Scotland,lake,6943,515.4,152,57.20839,-4.20688,https://tarns.netlify.app/?id=407,"https://www.google.com/maps/@?api=1&map_action=map&center=57.20839,-4.20688&zoom=15&basemap=satellite",0.498,1.58,0.69
408,(unnamed),Scotland,,7442,515.4,135,57.4069,-5.36508,https://tarns.netlify.app/?id=408,"https://www.google.com/maps/@?api=1&map_action=map&center=57.4069,-5.36508&zoom=15&basemap=satellite",0.577,1.2,0.74
409,(unnamed),Scotland,,7189,515.3,168,57.51044,-5.44124,https://tarns.netlify.app/?id=409,"https://www.google.com/maps/@?api=1&map_action=map&center=57.51044,-5.44124&zoom=15&basemap=satellite",0.612,2.38,0.72
410,Loch Corie Bheachain,Scotland,lake,89161,515.3,516,57.71754,-4.63848,https://tarns.netlify.app/?id=410,"https://www.google.com/maps/@?api=1&map_action=map&center=57.71754,-4.63848&zoom=15&basemap=satellite",0.74,1.94,8.92
411,(unnamed),Scotland,,16483,515.3,178,57.3558,-5.21523,https://tarns.netlify.app/?id=411,"https://www.google.com/maps/@?api=1&map_action=map&center=57.3558,-5.21523&zoom=15&basemap=satellite",0.724,1.39,1.65
412,Loch Toll Lochain,Scotland,,84734,514.8,556,57.49535,-4.95443,https://tarns.netlify.app/?id=412,"https://www.google.com/maps/@?api=1&map_action=map&center=57.49535,-4.95443&zoom=15&basemap=satellite",0.598,2.11,8.47
413,Llyn Du,Wales,,24862,514.2,235,52.23598,-3.80355,https://tarns.netlify.app/?id=413,"https://www.google.com/maps/@?api=1&map_action=map&center=52.23598,-3.80355&zoom=15&basemap=satellite",0.606,1.09,2.49
414,Loch Tarsuinn,Scotland,,16585,513.7,252,57.16805,-4.74053,https://tarns.netlify.app/?id=414,"https://www.google.com/maps/@?api=1&map_action=map&center=57.16805,-4.74053&zoom=15&basemap=satellite",0.579,2.21,1.66
415,Loch Chuinneag,Scotland,lake,114139,513.4,562,57.82676,-4.53642,https://tarns.netlify.app/?id=415,"https://www.google.com/maps/@?api=1&map_action=map&center=57.82676,-4.53642&zoom=15&basemap=satellite",0.68,1.85,11.41
416,Loch a' Ghlas-tuill,Scotland,lake,7257,513.2,144,57.56913,-5.47845,https://tarns.netlify.app/?id=416,"https://www.google.com/maps/@?api=1&map_action=map&center=57.56913,-5.47845&zoom=15&basemap=satellite",0.58,1.09,0.73
417,(unnamed),Scotland,lake,9040,512.6,139,57.29205,-4.65558,https://tarns.netlify.app/?id=417,"https://www.google.com/maps/@?api=1&map_action=map&center=57.29205,-4.65558&zoom=15&basemap=satellite",0.664,1.07,0.9
418,(unnamed),Scotland,,5571,512.3,169,57.63585,-5.30023,https://tarns.netlify.app/?id=418,"https://www.google.com/maps/@?api=1&map_action=map&center=57.63585,-5.30023&zoom=15&basemap=satellite",0.573,2.95,0.56
419,(unnamed),Scotland,,12625,511.7,157,57.28207,-4.67884,https://tarns.netlify.app/?id=419,"https://www.google.com/maps/@?api=1&map_action=map&center=57.28207,-4.67884&zoom=15&basemap=satellite",0.669,1.01,1.26
420,Loch Skeen,Scotland,,275434,511.5,1158,55.4351,-3.31222,https://tarns.netlify.app/?id=420,"https://www.google.com/maps/@?api=1&map_action=map&center=55.4351,-3.31222&zoom=15&basemap=satellite",0.673,3.25,27.54
421,(unnamed),Scotland,lake,9623,511.4,251,57.68955,-5.35462,https://tarns.netlify.app/?id=421,"https://www.google.com/maps/@?api=1&map_action=map&center=57.68955,-5.35462&zoom=15&basemap=satellite",0.539,3.5,0.96
422,Loch Toll an Lochain,Scotland,,158784,511.3,716,57.79718,-5.24373,https://tarns.netlify.app/?id=422,"https://www.google.com/maps/@?api=1&map_action=map&center=57.79718,-5.24373&zoom=15&basemap=satellite",0.741,2.2,15.88
423,Llyn Croesor,Wales,,9465,511.1,196,52.9918,-3.99597,https://tarns.netlify.app/?id=423,"https://www.google.com/maps/@?api=1&map_action=map&center=52.9918,-3.99597&zoom=15&basemap=satellite",0.499,2.02,0.95
424,Lochan Coir' an Lochain,Scotland,,6286,511.1,160,57.00525,-5.62999,https://tarns.netlify.app/?id=424,"https://www.google.com/maps/@?api=1&map_action=map&center=57.00525,-5.62999&zoom=15&basemap=satellite",0.742,2.97,0.63
425,Lochan Ruadh,Scotland,,17390,511.0,186,57.81498,-5.28569,https://tarns.netlify.app/?id=425,"https://www.google.com/maps/@?api=1&map_action=map&center=57.81498,-5.28569&zoom=15&basemap=satellite",0.788,1.5,1.74
426,Greencastle Tarn,England,,9375,510.7,192,54.75338,-2.47164,https://tarns.netlify.app/?id=426,"https://www.google.com/maps/@?api=1&map_action=map&center=54.75338,-2.47164&zoom=15&basemap=satellite",0.452,1.77,0.94
427,Lochan Meall nan Eun,Scotland,lake,12461,510.7,317,57.09322,-5.46533,https://tarns.netlify.app/?id=427,"https://www.google.com/maps/@?api=1&map_action=map&center=57.09322,-5.46533&zoom=15&basemap=satellite",0.451,3.63,1.25
428,(unnamed),Scotland,lake,9927,510.5,166,57.29215,-4.64955,https://tarns.netlify.app/?id=428,"https://www.google.com/maps/@?api=1&map_action=map&center=57.29215,-4.64955&zoom=15&basemap=satellite",0.513,1.36,0.99
429,Loch a' Chràthaich,Scotland,,779448,509.9,1864,57.25257,-4.71279,https://tarns.netlify.app/?id=429,"https://www.google.com/maps/@?api=1&map_action=map&center=57.25257,-4.71279&zoom=15&basemap=satellite",0.604,2.68,77.94
430,Loch a' Mhuilinn,Scotland,,61533,509.7,444,57.28604,-4.68706,https://tarns.netlify.app/?id=430,"https://www.google.com/maps/@?api=1&map_action=map&center=57.28604,-4.68706&zoom=15&basemap=satellite",0.576,1.8,6.15
431,(unnamed),Scotland,lake,29686,509.3,288,57.25728,-4.65602,https://tarns.netlify.app/?id=431,"https://www.google.com/maps/@?api=1&map_action=map&center=57.25728,-4.65602&zoom=15&basemap=satellite",0.662,1.74,2.97
432,(unnamed),Scotland,,5346,509.3,138,57.28216,-5.38818,https://tarns.netlify.app/?id=432,"https://www.google.com/maps/@?api=1&map_action=map&center=57.28216,-5.38818&zoom=15&basemap=satellite",0.609,2.14,0.53
433,Llyn Crugnant,Wales,,16872,508.8,213,52.2358,-3.82611,https://tarns.netlify.app/?id=433,"https://www.google.com/maps/@?api=1&map_action=map&center=52.2358,-3.82611&zoom=15&basemap=satellite",0.639,1.51,1.69
434,(unnamed),Scotland,,6055,508.8,125,58.24102,-4.92686,https://tarns.netlify.app/?id=434,"https://www.google.com/maps/@?api=1&map_action=map&center=58.24102,-4.92686&zoom=15&basemap=satellite",0.673,1.36,0.61
435,Llyn Du,Wales,,14013,508.7,184,52.84538,-3.9972,https://tarns.netlify.app/?id=435,"https://www.google.com/maps/@?api=1&map_action=map&center=52.84538,-3.9972&zoom=15&basemap=satellite",0.653,1.53,1.4
436,Llyn Llygad-Rheidol,Wales,,66184,508.4,411,52.47371,-3.78032,https://tarns.netlify.app/?id=436,"https://www.google.com/maps/@?api=1&map_action=map&center=52.47371,-3.78032&zoom=15&basemap=satellite",0.619,1.0,6.62
437,Lochan Dubh,Scotland,,5114,508.3,173,57.46274,-4.98339,https://tarns.netlify.app/?id=437,"https://www.google.com/maps/@?api=1&map_action=map&center=57.46274,-4.98339&zoom=15&basemap=satellite",0.512,2.92,0.51
438,(unnamed),Scotland,,7640,508.1,1122,57.27051,-5.20793,https://tarns.netlify.app/?id=438,"https://www.google.com/maps/@?api=1&map_action=map&center=57.27051,-5.20793&zoom=15&basemap=satellite",0.09,14.81,0.76
439,Lochan Feith Mhic-'illean,Scotland,,28380,507.9,307,57.74435,-5.33673,https://tarns.netlify.app/?id=439,"https://www.google.com/maps/@?api=1&map_action=map&center=57.74435,-5.33673&zoom=15&basemap=satellite",0.635,2.1,2.84
440,Suilean Loch nan Eun,Scotland,pond,12984,507.9,154,57.24758,-4.79273,https://tarns.netlify.app/?id=440,"https://www.google.com/maps/@?api=1&map_action=map&center=57.24758,-4.79273&zoom=15&basemap=satellite",0.766,1.23,1.3
441,(unnamed),Scotland,,8009,507.5,236,57.7433,-5.34918,https://tarns.netlify.app/?id=441,"https://www.google.com/maps/@?api=1&map_action=map&center=57.7433,-5.34918&zoom=15&basemap=satellite",0.327,2.24,0.8
442,Loch nan Amhaichean,Scotland,,185337,507.1,586,57.74715,-4.6597,https://tarns.netlify.app/?id=442,"https://www.google.com/maps/@?api=1&map_action=map&center=57.74715,-4.6597&zoom=15&basemap=satellite",0.734,1.14,18.53
443,Loch a' Choire Ghlais,Scotland,,13065,506.7,196,57.01316,-4.91894,https://tarns.netlify.app/?id=443,"https://www.google.com/maps/@?api=1&map_action=map&center=57.01316,-4.91894&zoom=15&basemap=satellite",0.649,1.79,1.31
444,Lochan Feith Mhic-'illean,Scotland,,67477,506.2,371,57.74301,-5.35395,https://tarns.netlify.app/?id=444,"https://www.google.com/maps/@?api=1&map_action=map&center=57.74301,-5.35395&zoom=15&basemap=satellite",0.68,1.36,6.75
445,Lochan Feith Mhic-'illean,Scotland,,98103,506.2,449,57.74265,-5.34446,https://tarns.netlify.app/?id=445,"https://www.google.com/maps/@?api=1&map_action=map&center=57.74265,-5.34446&zoom=15&basemap=satellite",0.705,1.38,9.81
446,Loch a' Choire Odhair,Scotland,,9984,506.0,184,57.40616,-5.36192,https://tarns.netlify.app/?id=446,"https://www.google.com/maps/@?api=1&map_action=map&center=57.40616,-5.36192&zoom=15&basemap=satellite",0.659,2.08,1.0
447,Fuar Loch Beag,Scotland,,34432,505.7,322,57.72972,-5.36135,https://tarns.netlify.app/?id=447,"https://www.google.com/maps/@?api=1&map_action=map&center=57.72972,-5.36135&zoom=15&basemap=satellite",0.676,1.61,3.44
448,Loch Bealach nan Creagan Dubha,Scotland,,9389,505.5,256,57.10642,-5.61827,https://tarns.netlify.app/?id=448,"https://www.google.com/maps/@?api=1&map_action=map&center=57.10642,-5.61827&zoom=15&basemap=satellite",0.337,2.34,0.94
449,(unnamed),Scotland,,25100,504.9,284,57.25399,-4.69776,https://tarns.netlify.app/?id=449,"https://www.google.com/maps/@?api=1&map_action=map&center=57.25399,-4.69776&zoom=15&basemap=satellite",0.629,1.98,2.51
450,(unnamed),Scotland,,5265,504.9,142,57.08619,-5.09061,https://tarns.netlify.app/?id=450,"https://www.google.com/maps/@?api=1&map_action=map&center=57.08619,-5.09061&zoom=15&basemap=satellite",0.527,1.96,0.53
451,Llyn Cerig Uwydion uchaf,Wales,,43898,504.6,369,52.30943,-3.70308,https://tarns.netlify.app/?id=451,"https://www.google.com/maps/@?api=1&map_action=map&center=52.30943,-3.70308&zoom=15&basemap=satellite",0.684,2.1,4.39
452,(unnamed),Scotland,,34925,504.5,268,57.28018,-4.68549,https://tarns.netlify.app/?id=452,"https://www.google.com/maps/@?api=1&map_action=map&center=57.28018,-4.68549&zoom=15&basemap=satellite",0.637,1.15,3.49
453,(unnamed),Scotland,pond,7750,504.4,239,57.5376,-4.95036,https://tarns.netlify.app/?id=453,"https://www.google.com/maps/@?api=1&map_action=map&center=57.5376,-4.95036&zoom=15&basemap=satellite",0.579,4.14,0.78
454,Loch Tilt,Scotland,lake,66383,504.2,406,56.92478,-3.6566,https://tarns.netlify.app/?id=454,"https://www.google.com/maps/@?api=1&map_action=map&center=56.92478,-3.6566&zoom=15&basemap=satellite",0.683,1.17,6.64
455,(unnamed),Scotland,,12152,503.7,181,57.28158,-5.41549,https://tarns.netlify.app/?id=455,"https://www.google.com/maps/@?api=1&map_action=map&center=57.28158,-5.41549&zoom=15&basemap=satellite",0.652,1.23,1.22
456,Lochan Beinn Chabhair,Scotland,,30974,503.4,361,56.32516,-4.66456,https://tarns.netlify.app/?id=456,"https://www.google.com/maps/@?api=1&map_action=map&center=56.32516,-4.66456&zoom=15&basemap=satellite",0.661,2.74,3.1
457,(unnamed),Scotland,lake,7166,503.4,110,57.24139,-4.69538,https://tarns.netlify.app/?id=457,"https://www.google.com/maps/@?api=1&map_action=map&center=57.24139,-4.69538&zoom=15&basemap=satellite",0.795,1.11,0.72
458,(unnamed),Scotland,,10068,503.2,194,57.08493,-5.08978,https://tarns.netlify.app/?id=458,"https://www.google.com/maps/@?api=1&map_action=map&center=57.08493,-5.08978&zoom=15&basemap=satellite",0.697,2.39,1.01
459,Loch a' Mhaim,Scotland,lake,11900,503.1,140,56.48128,-5.82975,https://tarns.netlify.app/?id=459,"https://www.google.com/maps/@?api=1&map_action=map&center=56.48128,-5.82975&zoom=15&basemap=satellite",0.781,1.13,1.19
460,(unnamed),Scotland,,17384,502.9,231,58.23963,-4.93099,https://tarns.netlify.app/?id=460,"https://www.google.com/maps/@?api=1&map_action=map&center=58.23963,-4.93099&zoom=15&basemap=satellite",0.63,1.72,1.74
461,(unnamed),Scotland,,6622,502.5,129,56.92681,-5.73265,https://tarns.netlify.app/?id=461,"https://www.google.com/maps/@?api=1&map_action=map&center=56.92681,-5.73265&zoom=15&basemap=satellite",0.761,1.88,0.66
462,(unnamed),Scotland,,27251,501.9,267,58.20747,-4.86815,https://tarns.netlify.app/?id=462,"https://www.google.com/maps/@?api=1&map_action=map&center=58.20747,-4.86815&zoom=15&basemap=satellite",0.631,1.65,2.73
463,Balminoch Loch,Scotland,lake,11426,501.7,192,55.15651,-4.49572,https://tarns.netlify.app/?id=463,"https://www.google.com/maps/@?api=1&map_action=map&center=55.15651,-4.49572&zoom=15&basemap=satellite",0.759,2.43,1.14
464,Goats Water,England,,29081,501.2,320,54.36911,-3.13129,https://tarns.netlify.app/?id=464,"https://www.google.com/maps/@?api=1&map_action=map&center=54.36911,-3.13129&zoom=15&basemap=satellite",0.711,2.47,2.91
465,Loch an Fhuarain,Scotland,lake,44604,501.0,350,58.21697,-4.41558,https://tarns.netlify.app/?id=465,"https://www.google.com/maps/@?api=1&map_action=map&center=58.21697,-4.41558&zoom=15&basemap=satellite",0.69,1.8,4.46
466,Pwll Gwy-rhoc,Wales,,23352,500.7,211,51.83057,-3.18538,https://tarns.netlify.app/?id=466,"https://www.google.com/maps/@?api=1&map_action=map&center=51.83057,-3.18538&zoom=15&basemap=satellite",0.741,1.29,2.34
467,(unnamed),Scotland,,13115,500.7,235,56.43631,-4.10829,https://tarns.netlify.app/?id=467,"https://www.google.com/maps/@?api=1&map_action=map&center=56.43631,-4.10829&zoom=15&basemap=satellite",0.459,1.2,1.31
468,(unnamed),Scotland,pond,17450,500.6,206,57.2433,-4.79832,https://tarns.netlify.app/?id=468,"https://www.google.com/maps/@?api=1&map_action=map&center=57.2433,-4.79832&zoom=15&basemap=satellite",0.58,1.41,1.74
469,(unnamed),Wales,,5762,500.6,102,52.22498,-3.81897,https://tarns.netlify.app/?id=469,"https://www.google.com/maps/@?api=1&map_action=map&center=52.22498,-3.81897&zoom=15&basemap=satellite",0.76,1.35,0.58
470,Loch nan Eun,Scotland,,322678,500.2,1045,57.24661,-4.80148,https://tarns.netlify.app/?id=470,"https://www.google.com/maps/@?api=1&map_action=map&center=57.24661,-4.80148&zoom=15&basemap=satellite",0.618,2.08,32.27
471,Loch Luchd Choire,Scotland,,43675,500.2,591,57.84919,-4.88097,https://tarns.netlify.app/?id=471,"https://www.google.com/maps/@?api=1&map_action=map&center=57.84919,-4.88097&zoom=15&basemap=satellite",0.458,3.6,4.37
472,(unnamed),Scotland,,5578,500.1,133,57.49299,-4.90936,https://tarns.netlify.app/?id=472,"https://www.google.com/maps/@?api=1&map_action=map&center=57.49299,-4.90936&zoom=15&basemap=satellite",0.602,1.76,0.56
473,Loch nam Brathain,Scotland,lake,80909,500.1,586,57.25857,-4.66735,https://tarns.netlify.app/?id=473,"https://www.google.com/maps/@?api=1&map_action=map&center=57.25857,-4.66735&zoom=15&basemap=satellite",0.608,2.55,8.09
474,(unnamed),Scotland,,21712,500.0,310,56.7503,-5.50853,https://tarns.netlify.app/?id=474,"https://www.google.com/maps/@?api=1&map_action=map&center=56.7503,-5.50853&zoom=15&basemap=satellite",0.499,2.2,2.17
475,Llyn y Dywarchen,Wales,lake,35244,499.8,279,52.96125,-3.84351,https://tarns.netlify.app/?id=475,"https://www.google.com/maps/@?api=1&map_action=map&center=52.96125,-3.84351&zoom=15&basemap=satellite",0.659,1.27,3.52
476,(unnamed),Scotland,,6092,499.4,103,58.12816,-5.06922,https://tarns.netlify.app/?id=476,"https://www.google.com/maps/@?api=1&map_action=map&center=58.12816,-5.06922&zoom=15&basemap=satellite",0.743,1.13,0.61
477,(unnamed),Scotland,lake,15047,499.3,160,57.26047,-4.73727,https://tarns.netlify.app/?id=477,"https://www.google.com/maps/@?api=1&map_action=map&center=57.26047,-4.73727&zoom=15&basemap=satellite",0.733,1.19,1.5
478,(unnamed),Scotland,,15674,499.1,218,57.42586,-5.54541,https://tarns.netlify.app/?id=478,"https://www.google.com/maps/@?api=1&map_action=map&center=57.42586,-5.54541&zoom=15&basemap=satellite",0.639,1.76,1.57
479,Lochan Creag nan Caorann,Scotland,,25679,499.0,322,56.35822,-4.75058,https://tarns.netlify.app/?id=479,"https://www.google.com/maps/@?api=1&map_action=map&center=56.35822,-4.75058&zoom=15&basemap=satellite",0.565,2.23,2.57
480,Tarn at Leaves,England,,6502,499.0,127,54.50005,-3.1467,https://tarns.netlify.app/?id=480,"https://www.google.com/maps/@?api=1&map_action=map&center=54.50005,-3.1467&zoom=15&basemap=satellite",0.689,1.53,0.65
481,(unnamed),Scotland,,68124,499.0,747,56.29799,-5.12455,https://tarns.netlify.app/?id=481,"https://www.google.com/maps/@?api=1&map_action=map&center=56.29799,-5.12455&zoom=15&basemap=satellite",0.502,4.11,6.81
482,(unnamed),Scotland,,14275,498.8,244,58.36323,-4.79428,https://tarns.netlify.app/?id=482,"https://www.google.com/maps/@?api=1&map_action=map&center=58.36323,-4.79428&zoom=15&basemap=satellite",0.584,2.31,1.43
483,Lochan na Faoileige,Scotland,,62436,498.7,348,58.36015,-4.8617,https://tarns.netlify.app/?id=483,"https://www.google.com/maps/@?api=1&map_action=map&center=58.36015,-4.8617&zoom=15&basemap=satellite",0.756,1.31,6.24
484,Llyn Anafon,Wales,,53994,498.6,405,53.20929,-3.95068,https://tarns.netlify.app/?id=484,"https://www.google.com/maps/@?api=1&map_action=map&center=53.20929,-3.95068&zoom=15&basemap=satellite",0.732,2.17,5.4
485,Dow Loch,Scotland,,5491,498.4,94,55.11335,-4.41297,https://tarns.netlify.app/?id=485,"https://www.google.com/maps/@?api=1&map_action=map&center=55.11335,-4.41297&zoom=15&basemap=satellite",0.783,1.02,0.55
486,Loch Seogh,Scotland,,11800,498.3,194,57.23529,-4.7795,https://tarns.netlify.app/?id=486,"https://www.google.com/maps/@?api=1&map_action=map&center=57.23529,-4.7795&zoom=15&basemap=satellite",0.594,1.9,1.18
487,(unnamed),Scotland,lake,6032,497.9,133,56.91606,-5.74117,https://tarns.netlify.app/?id=487,"https://www.google.com/maps/@?api=1&map_action=map&center=56.91606,-5.74117&zoom=15&basemap=satellite",0.463,1.06,0.6
488,Loch Liath,Scotland,,47451,497.9,351,57.26213,-4.63939,https://tarns.netlify.app/?id=488,"https://www.google.com/maps/@?api=1&map_action=map&center=57.26213,-4.63939&zoom=15&basemap=satellite",0.646,1.47,4.75
489,Loch Callater,Scotland,lake,292696,497.9,1319,56.93972,-3.34335,https://tarns.netlify.app/?id=489,"https://www.google.com/maps/@?api=1&map_action=map&center=56.93972,-3.34335&zoom=15&basemap=satellite",0.661,3.92,29.27
490,(unnamed),Wales,lake,11711,497.6,599,51.88168,-3.74199,https://tarns.netlify.app/?id=490,"https://www.google.com/maps/@?api=1&map_action=map&center=51.88168,-3.74199&zoom=15&basemap=satellite",0.062,1.9,1.17
491,Loch Hoil,Scotland,,145352,497.5,594,56.56932,-3.85677,https://tarns.netlify.app/?id=491,"https://www.google.com/maps/@?api=1&map_action=map&center=56.56932,-3.85677&zoom=15&basemap=satellite",0.582,1.2,14.54
492,(unnamed),Scotland,lake,11400,497.0,166,57.25727,-4.66278,https://tarns.netlify.app/?id=492,"https://www.google.com/maps/@?api=1&map_action=map&center=57.25727,-4.66278&zoom=15&basemap=satellite",0.75,1.7,1.14
493,Mawn Pool,Wales,,5860,497.0,119,52.15185,-3.22896,https://tarns.netlify.app/?id=493,"https://www.google.com/maps/@?api=1&map_action=map&center=52.15185,-3.22896&zoom=15&basemap=satellite",0.756,1.59,0.59
494,Loch Li,Scotland,,86883,496.9,464,57.69126,-4.97903,https://tarns.netlify.app/?id=494,"https://www.google.com/maps/@?api=1&map_action=map&center=57.69126,-4.97903&zoom=15&basemap=satellite",0.712,1.76,8.69
495,(unnamed),Scotland,lake,9285,496.8,155,56.88855,-5.53574,https://tarns.netlify.app/?id=495,"https://www.google.com/maps/@?api=1&map_action=map&center=56.88855,-5.53574&zoom=15&basemap=satellite",0.725,1.87,0.93
496,Llyn Dywarchen,Wales,lake,15843,496.6,202,52.8945,-4.00224,https://tarns.netlify.app/?id=496,"https://www.google.com/maps/@?api=1&map_action=map&center=52.8945,-4.00224&zoom=15&basemap=satellite",0.612,1.26,1.58
497,Bleaberry Tarn,England,,10406,496.6,155,54.52735,-3.29018,https://tarns.netlify.app/?id=497,"https://www.google.com/maps/@?api=1&map_action=map&center=54.52735,-3.29018&zoom=15&basemap=satellite",0.746,1.56,1.04
498,(unnamed),Scotland,lake,8988,496.4,156,57.26498,-4.68622,https://tarns.netlify.app/?id=498,"https://www.google.com/maps/@?api=1&map_action=map&center=57.26498,-4.68622&zoom=15&basemap=satellite",0.623,1.48,0.9
499,Whitfield Lough,England,,30158,496.3,254,54.88338,-2.43125,https://tarns.netlify.app/?id=499,"https://www.google.com/maps/@?api=1&map_action=map&center=54.88338,-2.43125&zoom=15&basemap=satellite",0.695,1.44,3.02
500,(unnamed),Wales,,5015,496.1,112,51.83018,-3.19618,https://tarns.netlify.app/?id=500,"https://www.google.com/maps/@?api=1&map_action=map&center=51.83018,-3.19618&zoom=15&basemap=satellite",0.647,1.58,0.5
501,(unnamed),Scotland,lake,10122,496.1,206,57.27705,-4.67557,https://tarns.netlify.app/?id=501,"https://www.google.com/maps/@?api=1&map_action=map&center=57.27705,-4.67557&zoom=15&basemap=satellite",0.612,2.51,1.01
502,(unnamed),Scotland,lake,9462,496.0,213,57.26839,-4.68538,https://tarns.netlify.app/?id=502,"https://www.google.com/maps/@?api=1&map_action=map&center=57.26839,-4.68538&zoom=15&basemap=satellite",0.518,2.45,0.95
503,Lochan nan Stob,Scotland,,7873,495.5,132,56.78566,-5.39847,https://tarns.netlify.app/?id=503,"https://www.google.com/maps/@?api=1&map_action=map&center=56.78566,-5.39847&zoom=15&basemap=satellite",0.651,1.1,0.79
504,(unnamed),Scotland,pond,5148,495.2,157,57.91828,-4.99747,https://tarns.netlify.app/?id=504,"https://www.google.com/maps/@?api=1&map_action=map&center=57.91828,-4.99747&zoom=15&basemap=satellite",0.572,2.67,0.51
505,Loch Einich,Scotland,,754314,495.2,1908,57.06898,-3.79218,https://tarns.netlify.app/?id=505,"https://www.google.com/maps/@?api=1&map_action=map&center=57.06898,-3.79218&zoom=15&basemap=satellite",0.759,3.66,75.43
506,(unnamed),Scotland,pond,11593,495.0,173,57.08355,-3.79143,https://tarns.netlify.app/?id=506,"https://www.google.com/maps/@?api=1&map_action=map&center=57.08355,-3.79143&zoom=15&basemap=satellite",0.635,1.54,1.16
507,(unnamed),Scotland,,5068,495.0,124,57.63018,-5.45814,https://tarns.netlify.app/?id=507,"https://www.google.com/maps/@?api=1&map_action=map&center=57.63018,-5.45814&zoom=15&basemap=satellite",0.582,1.41,0.51
508,(unnamed),Scotland,,6175,494.2,119,57.45382,-5.50395,https://tarns.netlify.app/?id=508,"https://www.google.com/maps/@?api=1&map_action=map&center=57.45382,-5.50395&zoom=15&basemap=satellite",0.648,1.01,0.62
509,Loch na Beinne Baine,Scotland,,601909,494.2,1527,57.23114,-4.8396,https://tarns.netlify.app/?id=509,"https://www.google.com/maps/@?api=1&map_action=map&center=57.23114,-4.8396&zoom=15&basemap=satellite",0.635,2.45,60.19
510,Llyn Cerif Uwydion isaf,Wales,,54227,493.8,470,52.31584,-3.69755,https://tarns.netlify.app/?id=510,"https://www.google.com/maps/@?api=1&map_action=map&center=52.31584,-3.69755&zoom=15&basemap=satellite",0.64,2.53,5.42
511,(unnamed),Scotland,,9624,493.2,193,57.45329,-5.4593,https://tarns.netlify.app/?id=511,"https://www.google.com/maps/@?api=1&map_action=map&center=57.45329,-5.4593&zoom=15&basemap=satellite",0.553,1.76,0.96
512,(unnamed),Scotland,lake,5059,493.1,117,57.27662,-4.67783,https://tarns.netlify.app/?id=512,"https://www.google.com/maps/@?api=1&map_action=map&center=57.27662,-4.67783&zoom=15&basemap=satellite",0.79,2.02,0.51
513,Loch Enoch,Scotland,loch,510040,492.9,1275,55.13576,-4.43957,https://tarns.netlify.app/?id=513,"https://www.google.com/maps/@?api=1&map_action=map&center=55.13576,-4.43957&zoom=15&basemap=satellite",0.541,1.16,51.0
514,Loch a' Choire Bhuidhe,Scotland,lake,17305,492.9,255,57.30159,-4.64221,https://tarns.netlify.app/?id=514,"https://www.google.com/maps/@?api=1&map_action=map&center=57.30159,-4.64221&zoom=15&basemap=satellite",0.7,2.54,1.73
515,(unnamed),Scotland,,8771,492.9,213,57.24822,-4.76828,https://tarns.netlify.app/?id=515,"https://www.google.com/maps/@?api=1&map_action=map&center=57.24822,-4.76828&zoom=15&basemap=satellite",0.532,2.5,0.88
516,(unnamed),Scotland,lake,21323,492.6,355,57.7889,-4.67889,https://tarns.netlify.app/?id=516,"https://www.google.com/maps/@?api=1&map_action=map&center=57.7889,-4.67889&zoom=15&basemap=satellite",0.363,2.04,2.13
517,Lochan a Mhuilinn,Scotland,,58838,492.3,492,57.45632,-5.46503,https://tarns.netlify.app/?id=517,"https://www.google.com/maps/@?api=1&map_action=map&center=57.45632,-5.46503&zoom=15&basemap=satellite",0.551,2.02,5.88
518,loch nan Oighreagan,Scotland,,12564,492.3,212,57.27436,-4.57489,https://tarns.netlify.app/?id=518,"https://www.google.com/maps/@?api=1&map_action=map&center=57.27436,-4.57489&zoom=15&basemap=satellite",0.625,2.2,1.26
519,Loch a' Bealach Ruadh Stac,Scotland,,26628,491.5,257,57.47526,-5.45478,https://tarns.netlify.app/?id=519,"https://www.google.com/maps/@?api=1&map_action=map&center=57.47526,-5.45478&zoom=15&basemap=satellite",0.582,1.11,2.66
520,(unnamed),Scotland,,5022,491.5,142,57.47645,-5.45264,https://tarns.netlify.app/?id=520,"https://www.google.com/maps/@?api=1&map_action=map&center=57.47645,-5.45264&zoom=15&basemap=satellite",0.51,2.03,0.5
521,Loch nan Eun,Scotland,,30719,491.2,274,57.51115,-5.61659,https://tarns.netlify.app/?id=521,"https://www.google.com/maps/@?api=1&map_action=map&center=57.51115,-5.61659&zoom=15&basemap=satellite",0.708,1.35,3.07
522,(unnamed),Scotland,lake,16728,491.0,227,58.20996,-4.28007,https://tarns.netlify.app/?id=522,"https://www.google.com/maps/@?api=1&map_action=map&center=58.20996,-4.28007&zoom=15&basemap=satellite",0.536,1.51,1.67
523,(unnamed),Scotland,lake,33368,490.8,335,57.27279,-4.68221,https://tarns.netlify.app/?id=523,"https://www.google.com/maps/@?api=1&map_action=map&center=57.27279,-4.68221&zoom=15&basemap=satellite",0.599,2.0,3.34
524,(unnamed),Scotland,,14006,490.8,220,56.36339,-4.7626,https://tarns.netlify.app/?id=524,"https://www.google.com/maps/@?api=1&map_action=map&center=56.36339,-4.7626&zoom=15&basemap=satellite",0.616,2.13,1.4
525,(unnamed),Scotland,,5897,490.2,161,57.27318,-5.39843,https://tarns.netlify.app/?id=525,"https://www.google.com/maps/@?api=1&map_action=map&center=57.27318,-5.39843&zoom=15&basemap=satellite",0.455,1.99,0.59
526,Loch Mhic Ghille-chaoile,Scotland,,99249,489.8,692,57.10054,-3.78279,https://tarns.netlify.app/?id=526,"https://www.google.com/maps/@?api=1&map_action=map&center=57.10054,-3.78279&zoom=15&basemap=satellite",0.56,2.66,9.92
527,(unnamed),Scotland,pond,16038,489.7,333,57.22186,-4.8366,https://tarns.netlify.app/?id=527,"https://www.google.com/maps/@?api=1&map_action=map&center=57.22186,-4.8366&zoom=15&basemap=satellite",0.588,4.02,1.6
528,(unnamed),Scotland,,6749,489.6,207,56.3324,-4.82712,https://tarns.netlify.app/?id=528,"https://www.google.com/maps/@?api=1&map_action=map&center=56.3324,-4.82712&zoom=15&basemap=satellite",0.434,2.73,0.67
529,Loch a' Bhealaich,Scotland,,33960,489.1,290,57.17781,-4.71024,https://tarns.netlify.app/?id=529,"https://www.google.com/maps/@?api=1&map_action=map&center=57.17781,-4.71024&zoom=15&basemap=satellite",0.649,1.52,3.4
530,(unnamed),Scotland,pond,8363,489.1,137,56.88377,-4.1014,https://tarns.netlify.app/?id=530,"https://www.google.com/maps/@?api=1&map_action=map&center=56.88377,-4.1014&zoom=15&basemap=satellite",0.65,1.33,0.84
531,(unnamed),Scotland,lake,7574,489.0,130,57.29007,-4.6616,https://tarns.netlify.app/?id=531,"https://www.google.com/maps/@?api=1&map_action=map&center=57.29007,-4.6616&zoom=15&basemap=satellite",0.717,1.32,0.76
532,Loch Carn Tarsuinn,Scotland,,55443,488.7,517,57.25531,-4.68504,https://tarns.netlify.app/?id=532,"https://www.google.com/maps/@?api=1&map_action=map&center=57.25531,-4.68504&zoom=15&basemap=satellite",0.514,2.3,5.54
533,Llyn y Graig Wen,Wales,lake,16644,488.6,244,52.93659,-3.88172,https://tarns.netlify.app/?id=533,"https://www.google.com/maps/@?api=1&map_action=map&center=52.93659,-3.88172&zoom=15&basemap=satellite",0.718,2.46,1.66
534,Loch an Tuill Riabhaich,Scotland,lake,83824,488.6,525,57.89145,-4.68919,https://tarns.netlify.app/?id=534,"https://www.google.com/maps/@?api=1&map_action=map&center=57.89145,-4.68919&zoom=15&basemap=satellite",0.654,2.15,8.38
535,Llyn Arran,Wales,lake,8170,488.4,132,52.70781,-3.87473,https://tarns.netlify.app/?id=535,"https://www.google.com/maps/@?api=1&map_action=map&center=52.70781,-3.87473&zoom=15&basemap=satellite",0.73,1.01,0.82
536,(unnamed),Scotland,,9343,488.4,158,57.27522,-5.4075,https://tarns.netlify.app/?id=536,"https://www.google.com/maps/@?api=1&map_action=map&center=57.27522,-5.4075&zoom=15&basemap=satellite",0.667,1.77,0.93
537,(unnamed),Scotland,lake,15547,488.3,270,57.29924,-4.65225,https://tarns.netlify.app/?id=537,"https://www.google.com/maps/@?api=1&map_action=map&center=57.29924,-4.65225&zoom=15&basemap=satellite",0.529,2.28,1.55
538,(unnamed),Scotland,,7210,488.2,141,57.28134,-4.67019,https://tarns.netlify.app/?id=538,"https://www.google.com/maps/@?api=1&map_action=map&center=57.28134,-4.67019&zoom=15&basemap=satellite",0.604,1.38,0.72
539,(unnamed),Scotland,,6849,488.0,159,57.45816,-5.31659,https://tarns.netlify.app/?id=539,"https://www.google.com/maps/@?api=1&map_action=map&center=57.45816,-5.31659&zoom=15&basemap=satellite",0.825,3.03,0.68
540,Loch na Seilge,Scotland,,164447,487.8,590,58.35925,-4.78936,https://tarns.netlify.app/?id=540,"https://www.google.com/maps/@?api=1&map_action=map&center=58.35925,-4.78936&zoom=15&basemap=satellite",0.755,1.48,16.44
541,(unnamed),Scotland,,5457,487.6,154,58.11611,-4.91551,https://tarns.netlify.app/?id=541,"https://www.google.com/maps/@?api=1&map_action=map&center=58.11611,-4.91551&zoom=15&basemap=satellite",0.57,2.49,0.55
542,Loch na Ruighe Duibhe,Scotland,lake,130380,487.4,953,57.27476,-4.68494,https://tarns.netlify.app/?id=542,"https://www.google.com/maps/@?api=1&map_action=map&center=57.27476,-4.68494&zoom=15&basemap=satellite",0.387,2.54,13.04
543,(unnamed),Scotland,lake,6281,487.1,128,57.26947,-4.73445,https://tarns.netlify.app/?id=543,"https://www.google.com/maps/@?api=1&map_action=map&center=57.26947,-4.73445&zoom=15&basemap=satellite",0.722,1.6,0.63
544,(unnamed),Scotland,lake,14020,487.1,266,57.26713,-4.73394,https://tarns.netlify.app/?id=544,"https://www.google.com/maps/@?api=1&map_action=map&center=57.26713,-4.73394&zoom=15&basemap=satellite",0.579,2.89,1.4
545,(unnamed),Scotland,,5728,487.1,193,57.27026,-5.39688,https://tarns.netlify.app/?id=545,"https://www.google.com/maps/@?api=1&map_action=map&center=57.27026,-5.39688&zoom=15&basemap=satellite",0.55,3.57,0.57
546,Loch ma Stac,Scotland,,665319,486.4,1649,57.25624,-4.75031,https://tarns.netlify.app/?id=546,"https://www.google.com/maps/@?api=1&map_action=map&center=57.25624,-4.75031&zoom=15&basemap=satellite",0.618,2.4,66.53
547,(unnamed),Scotland,lake,7119,486.3,161,57.10701,-3.33513,https://tarns.netlify.app/?id=547,"https://www.google.com/maps/@?api=1&map_action=map&center=57.10701,-3.33513&zoom=15&basemap=satellite",0.589,2.14,0.71
548,(unnamed),Scotland,,10534,486.0,229,57.26801,-5.39594,https://tarns.netlify.app/?id=548,"https://www.google.com/maps/@?api=1&map_action=map&center=57.26801,-5.39594&zoom=15&basemap=satellite",0.553,2.62,1.05
549,Birkdale Tarn,England,,70015,486.0,399,54.41171,-2.23003,https://tarns.netlify.app/?id=549,"https://www.google.com/maps/@?api=1&map_action=map&center=54.41171,-2.23003&zoom=15&basemap=satellite",0.702,1.23,7.0
550,(unnamed),Wales,,5967,486.0,115,52.93863,-3.89005,https://tarns.netlify.app/?id=550,"https://www.google.com/maps/@?api=1&map_action=map&center=52.93863,-3.89005&zoom=15&basemap=satellite",0.589,1.11,0.6
551,Lochan Dearg,Scotland,,6522,485.9,124,57.5124,-5.45797,https://tarns.netlify.app/?id=551,"https://www.google.com/maps/@?api=1&map_action=map&center=57.5124,-5.45797&zoom=15&basemap=satellite",0.7,1.62,0.65
552,(unnamed),Scotland,lake,19746,485.3,282,57.25502,-4.64413,https://tarns.netlify.app/?id=552,"https://www.google.com/maps/@?api=1&map_action=map&center=57.25502,-4.64413&zoom=15&basemap=satellite",0.469,1.87,1.97
553,Lochan na Cruiche,Scotland,,6844,485.3,135,56.79268,-5.22858,https://tarns.netlify.app/?id=553,"https://www.google.com/maps/@?api=1&map_action=map&center=56.79268,-5.22858&zoom=15&basemap=satellite",0.765,2.03,0.68
554,(unnamed),Scotland,lake,6974,485.2,179,57.23983,-4.6881,https://tarns.netlify.app/?id=554,"https://www.google.com/maps/@?api=1&map_action=map&center=57.23983,-4.6881&zoom=15&basemap=satellite",0.634,2.9,0.7
555,(unnamed),Scotland,,5263,485.1,112,57.16868,-4.59862,https://tarns.netlify.app/?id=555,"https://www.google.com/maps/@?api=1&map_action=map&center=57.16868,-4.59862&zoom=15&basemap=satellite",0.728,1.7,0.53
556,(unnamed),Scotland,,8008,484.5,163,56.49839,-4.82963,https://tarns.netlify.app/?id=556,"https://www.google.com/maps/@?api=1&map_action=map&center=56.49839,-4.82963&zoom=15&basemap=satellite",0.572,1.71,0.8
557,(unnamed),Scotland,,6945,484.4,138,56.29517,-4.84882,https://tarns.netlify.app/?id=557,"https://www.google.com/maps/@?api=1&map_action=map&center=56.29517,-4.84882&zoom=15&basemap=satellite",0.684,1.32,0.69
558,(unnamed),Scotland,,5888,484.3,272,57.02209,-3.53404,https://tarns.netlify.app/?id=558,"https://www.google.com/maps/@?api=1&map_action=map&center=57.02209,-3.53404&zoom=15&basemap=satellite",0.615,7.73,0.59
559,(unnamed),Scotland,lake,21610,484.2,296,57.59485,-4.76549,https://tarns.netlify.app/?id=559,"https://www.google.com/maps/@?api=1&map_action=map&center=57.59485,-4.76549&zoom=15&basemap=satellite",0.526,2.04,2.16
560,Loch nam Meur,Scotland,lake,120467,484.1,733,57.28714,-4.67005,https://tarns.netlify.app/?id=560,"https://www.google.com/maps/@?api=1&map_action=map&center=57.28714,-4.67005&zoom=15&basemap=satellite",0.388,1.64,12.05
561,Lochan an Liath-truisg,Scotland,,12061,484.0,175,57.24258,-5.53106,https://tarns.netlify.app/?id=561,"https://www.google.com/maps/@?api=1&map_action=map&center=57.24258,-5.53106&zoom=15&basemap=satellite",0.645,1.61,1.21
562,(unnamed),Scotland,,5162,483.7,174,57.27995,-5.3899,https://tarns.netlify.app/?id=562,"https://www.google.com/maps/@?api=1&map_action=map&center=57.27995,-5.3899&zoom=15&basemap=satellite",0.701,4.1,0.52
563,Blea Water,England,,172990,483.2,562,54.48908,-2.85266,https://tarns.netlify.app/?id=563,"https://www.google.com/maps/@?api=1&map_action=map&center=54.48908,-2.85266&zoom=15&basemap=satellite",0.741,1.14,17.3
564,Loch Builg,Scotland,,303223,483.2,1241,57.11509,-3.34404,https://tarns.netlify.app/?id=564,"https://www.google.com/maps/@?api=1&map_action=map&center=57.11509,-3.34404&zoom=15&basemap=satellite",0.655,3.27,30.32
565,Lochan Oir,Scotland,lake,12305,483.1,198,57.10937,-3.33784,https://tarns.netlify.app/?id=565,"https://www.google.com/maps/@?api=1&map_action=map&center=57.10937,-3.33784&zoom=15&basemap=satellite",0.628,1.81,1.23
566,Loch nam Breac Dearga,Scotland,,241198,483.1,1214,57.26596,-4.5679,https://tarns.netlify.app/?id=566,"https://www.google.com/maps/@?api=1&map_action=map&center=57.26596,-4.5679&zoom=15&basemap=satellite",0.653,3.86,24.12
567,Lochan na Bearta,Scotland,,151850,482.5,731,57.76738,-5.36744,https://tarns.netlify.app/?id=567,"https://www.google.com/maps/@?api=1&map_action=map&center=57.76738,-5.36744&zoom=15&basemap=satellite",0.522,1.7,15.18
568,Lochan Man na Ceire,Scotland,,19934,482.3,304,56.65083,-5.73342,https://tarns.netlify.app/?id=568,"https://www.google.com/maps/@?api=1&map_action=map&center=56.65083,-5.73342&zoom=15&basemap=satellite",0.449,2.03,1.99
569,(unnamed),Scotland,,5397,482.3,118,56.36082,-4.7605,https://tarns.netlify.app/?id=569,"https://www.google.com/maps/@?api=1&map_action=map&center=56.36082,-4.7605&zoom=15&basemap=satellite",0.7,1.8,0.54
570,(unnamed),Scotland,pond,44746,482.3,418,56.75401,-4.79418,https://tarns.netlify.app/?id=570,"https://www.google.com/maps/@?api=1&map_action=map&center=56.75401,-4.79418&zoom=15&basemap=satellite",0.571,2.08,4.47
571,(unnamed),Scotland,,19095,482.2,292,57.27876,-5.40599,https://tarns.netlify.app/?id=571,"https://www.google.com/maps/@?api=1&map_action=map&center=57.27876,-5.40599&zoom=15&basemap=satellite",0.446,1.63,1.91
572,(unnamed),Scotland,,6219,481.9,132,56.46385,-5.05135,https://tarns.netlify.app/?id=572,"https://www.google.com/maps/@?api=1&map_action=map&center=56.46385,-5.05135&zoom=15&basemap=satellite",0.639,1.5,0.62
573,Blackbeck Tarn,England,,9132,481.8,176,54.5042,-3.234,https://tarns.netlify.app/?id=573,"https://www.google.com/maps/@?api=1&map_action=map&center=54.5042,-3.234&zoom=15&basemap=satellite",0.649,2.12,0.91
574,Lochan na Doire-uaine,Scotland,,53731,481.8,753,56.94645,-4.32957,https://tarns.netlify.app/?id=574,"https://www.google.com/maps/@?api=1&map_action=map&center=56.94645,-4.32957&zoom=15&basemap=satellite",0.419,4.42,5.37
575,Lochan Learg nan Lunn,Scotland,,17831,481.6,271,56.51359,-4.52142,https://tarns.netlify.app/?id=575,"https://www.google.com/maps/@?api=1&map_action=map&center=56.51359,-4.52142&zoom=15&basemap=satellite",0.534,1.88,1.78
576,(unnamed),Scotland,,120899,481.6,715,58.1473,-5.03791,https://tarns.netlify.app/?id=576,"https://www.google.com/maps/@?api=1&map_action=map&center=58.1473,-5.03791&zoom=15&basemap=satellite",0.625,2.43,12.09
577,Loch nan Eun,Scotland,,297856,481.3,1072,57.28261,-5.40003,https://tarns.netlify.app/?id=577,"https://www.google.com/maps/@?api=1&map_action=map&center=57.28261,-5.40003&zoom=15&basemap=satellite",0.376,1.14,29.79
578,Loch nam Breao Mȯra,Scotland,,58957,481.1,324,58.20507,-4.85799,https://tarns.netlify.app/?id=578,"https://www.google.com/maps/@?api=1&map_action=map&center=58.20507,-4.85799&zoom=15&basemap=satellite",0.762,1.15,5.9
579,(unnamed),Scotland,,6919,481.0,178,57.27879,-5.40194,https://tarns.netlify.app/?id=579,"https://www.google.com/maps/@?api=1&map_action=map&center=57.27879,-5.40194&zoom=15&basemap=satellite",0.477,2.12,0.69
580,(unnamed),Scotland,,7559,481.0,155,58.24141,-4.94141,https://tarns.netlify.app/?id=580,"https://www.google.com/maps/@?api=1&map_action=map&center=58.24141,-4.94141&zoom=15&basemap=satellite",0.551,1.32,0.76
581,(unnamed),Scotland,,7828,480.5,135,57.66367,-4.81105,https://tarns.netlify.app/?id=581,"https://www.google.com/maps/@?api=1&map_action=map&center=57.66367,-4.81105&zoom=15&basemap=satellite",0.617,1.4,0.78
582,Loch Bealach nah Oidhche,Scotland,,16249,480.5,219,57.16437,-5.58848,https://tarns.netlify.app/?id=582,"https://www.google.com/maps/@?api=1&map_action=map&center=57.16437,-5.58848&zoom=15&basemap=satellite",0.863,2.41,1.62
583,(unnamed),Scotland,,29730,480.3,263,56.56557,-3.95113,https://tarns.netlify.app/?id=583,"https://www.google.com/maps/@?api=1&map_action=map&center=56.56557,-3.95113&zoom=15&basemap=satellite",0.682,1.58,2.97
584,Loch na Faoileige,Scotland,,19828,480.2,233,57.26164,-4.61647,https://tarns.netlify.app/?id=584,"https://www.google.com/maps/@?api=1&map_action=map&center=57.26164,-4.61647&zoom=15&basemap=satellite",0.516,1.41,1.98
585,(unnamed),Scotland,lake,49158,480.0,395,58.29569,-4.71336,https://tarns.netlify.app/?id=585,"https://www.google.com/maps/@?api=1&map_action=map&center=58.29569,-4.71336&zoom=15&basemap=satellite",0.679,2.14,4.92
586,Lochan an Ruighe Dhuibh,Scotland,,78696,479.8,536,57.24854,-4.68444,https://tarns.netlify.app/?id=586,"https://www.google.com/maps/@?api=1&map_action=map&center=57.24854,-4.68444&zoom=15&basemap=satellite",0.487,1.03,7.87
587,(unnamed),Wales,,29108,479.6,483,52.21714,-3.79813,https://tarns.netlify.app/?id=587,"https://www.google.com/maps/@?api=1&map_action=map&center=52.21714,-3.79813&zoom=15&basemap=satellite",0.758,6.06,2.91
588,Loch nam Meur,Scotland,lake,233810,479.5,967,57.26996,-4.6683,https://tarns.netlify.app/?id=588,"https://www.google.com/maps/@?api=1&map_action=map&center=57.26996,-4.6683&zoom=15&basemap=satellite",0.462,1.02,23.38
589,(unnamed),Scotland,pond,11750,479.3,249,58.15132,-4.87427,https://tarns.netlify.app/?id=589,"https://www.google.com/maps/@?api=1&map_action=map&center=58.15132,-4.87427&zoom=15&basemap=satellite",0.384,2.03,1.18
590,(unnamed),Scotland,,10587,479.3,155,56.72208,-5.4787,https://tarns.netlify.app/?id=590,"https://www.google.com/maps/@?api=1&map_action=map&center=56.72208,-5.4787&zoom=15&basemap=satellite",0.712,1.35,1.06
591,Lochan Cruachan,Scotland,,8767,479.0,166,56.23107,-4.66034,https://tarns.netlify.app/?id=591,"https://www.google.com/maps/@?api=1&map_action=map&center=56.23107,-4.66034&zoom=15&basemap=satellite",0.71,2.23,0.88
592,(unnamed),Scotland,,8179,478.6,151,57.25725,-4.61717,https://tarns.netlify.app/?id=592,"https://www.google.com/maps/@?api=1&map_action=map&center=57.25725,-4.61717&zoom=15&basemap=satellite",0.644,1.8,0.82
593,Loch an Duin,Scotland,,360983,478.6,1797,56.89246,-4.09838,https://tarns.netlify.app/?id=593,"https://www.google.com/maps/@?api=1&map_action=map&center=56.89246,-4.09838&zoom=15&basemap=satellite",0.644,5.71,36.1
594,(unnamed),Scotland,,7494,478.2,174,57.80496,-5.13267,https://tarns.netlify.app/?id=594,"https://www.google.com/maps/@?api=1&map_action=map&center=57.80496,-5.13267&zoom=15&basemap=satellite",0.698,2.81,0.75
595,(unnamed),Wales,,8681,478.2,311,53.00377,-3.90197,https://tarns.netlify.app/?id=595,"https://www.google.com/maps/@?api=1&map_action=map&center=53.00377,-3.90197&zoom=15&basemap=satellite",0.276,3.07,0.87
596,(unnamed),Wales,,12316,478.2,258,53.00304,-3.8979,https://tarns.netlify.app/?id=596,"https://www.google.com/maps/@?api=1&map_action=map&center=53.00304,-3.8979&zoom=15&basemap=satellite",0.48,2.51,1.23
597,Loch Maragan,Scotland,,74381,477.6,531,56.41602,-4.59128,https://tarns.netlify.app/?id=597,"https://www.google.com/maps/@?api=1&map_action=map&center=56.41602,-4.59128&zoom=15&basemap=satellite",0.47,1.29,7.44
598,(unnamed),Scotland,lake,6198,477.5,114,57.24365,-4.68304,https://tarns.netlify.app/?id=598,"https://www.google.com/maps/@?api=1&map_action=map&center=57.24365,-4.68304&zoom=15&basemap=satellite",0.699,1.37,0.62
599,Blea Tarn,England,,77148,477.5,525,54.51713,-3.09613,https://tarns.netlify.app/?id=599,"https://www.google.com/maps/@?api=1&map_action=map&center=54.51713,-3.09613&zoom=15&basemap=satellite",0.619,2.14,7.71
600,Lochan Coire Chaolais Bhig,Scotland,,9901,476.5,205,57.08512,-5.4662,https://tarns.netlify.app/?id=600,"https://www.google.com/maps/@?api=1&map_action=map&center=57.08512,-5.4662&zoom=15&basemap=satellite",0.516,2.18,0.99
601,(unnamed),Scotland,lake,6816,476.0,163,57.2466,-4.6791,https://tarns.netlify.app/?id=601,"https://www.google.com/maps/@?api=1&map_action=map&center=57.2466,-4.6791&zoom=15&basemap=satellite",0.761,2.91,0.68
602,Dow Loch,Scotland,,5241,475.7,195,55.09731,-4.4188,https://tarns.netlify.app/?id=602,"https://www.google.com/maps/@?api=1&map_action=map&center=55.09731,-4.4188&zoom=15&basemap=satellite",0.584,4.25,0.52
603,Glaslyn,Wales,lake,201819,475.5,678,52.53172,-3.73197,https://tarns.netlify.app/?id=603,"https://www.google.com/maps/@?api=1&map_action=map&center=52.53172,-3.73197&zoom=15&basemap=satellite",0.746,1.7,20.18
604,(unnamed),Wales,,6056,475.4,150,52.22288,-3.81417,https://tarns.netlify.app/?id=604,"https://www.google.com/maps/@?api=1&map_action=map&center=52.22288,-3.81417&zoom=15&basemap=satellite",0.6,2.21,0.61
605,Loch nan Faoileag,Scotland,,15804,475.2,191,57.13851,-4.7986,https://tarns.netlify.app/?id=605,"https://www.google.com/maps/@?api=1&map_action=map&center=57.13851,-4.7986&zoom=15&basemap=satellite",0.753,1.37,1.58
606,(unnamed),Scotland,,16490,474.8,199,57.40427,-5.37019,https://tarns.netlify.app/?id=606,"https://www.google.com/maps/@?api=1&map_action=map&center=57.40427,-5.37019&zoom=15&basemap=satellite",0.709,1.67,1.65
607,(unnamed),Scotland,,6840,474.6,145,57.10402,-4.96631,https://tarns.netlify.app/?id=607,"https://www.google.com/maps/@?api=1&map_action=map&center=57.10402,-4.96631&zoom=15&basemap=satellite",0.557,1.68,0.68
608,(unnamed),Scotland,,6476,474.4,185,57.40303,-5.37295,https://tarns.netlify.app/?id=608,"https://www.google.com/maps/@?api=1&map_action=map&center=57.40303,-5.37295&zoom=15&basemap=satellite",0.635,3.36,0.65
609,(unnamed),Scotland,,10566,473.8,172,57.25731,-4.61442,https://tarns.netlify.app/?id=609,"https://www.google.com/maps/@?api=1&map_action=map&center=57.25731,-4.61442&zoom=15&basemap=satellite",0.673,1.71,1.06
610,(unnamed),Scotland,lake,9804,473.8,154,58.20171,-4.95614,https://tarns.netlify.app/?id=610,"https://www.google.com/maps/@?api=1&map_action=map&center=58.20171,-4.95614&zoom=15&basemap=satellite",0.674,1.24,0.98
611,Angle Tarn,England,,56998,473.1,420,54.52109,-2.90205,https://tarns.netlify.app/?id=611,"https://www.google.com/maps/@?api=1&map_action=map&center=54.52109,-2.90205&zoom=15&basemap=satellite",0.575,1.01,5.7
612,Llyn Cau,Wales,lake,135295,473.1,599,52.69352,-3.90251,https://tarns.netlify.app/?id=612,"https://www.google.com/maps/@?api=1&map_action=map&center=52.69352,-3.90251&zoom=15&basemap=satellite",0.752,1.75,13.53
613,(unnamed),Scotland,lake,5284,473.0,117,57.25378,-4.62962,https://tarns.netlify.app/?id=613,"https://www.google.com/maps/@?api=1&map_action=map&center=57.25378,-4.62962&zoom=15&basemap=satellite",0.642,1.5,0.53
614,(unnamed),Scotland,,28586,472.7,316,58.15055,-5.0291,https://tarns.netlify.app/?id=614,"https://www.google.com/maps/@?api=1&map_action=map&center=58.15055,-5.0291&zoom=15&basemap=satellite",0.57,1.99,2.86
615,Bowscale Tarn,England,,26947,472.6,247,54.67273,-3.03022,https://tarns.netlify.app/?id=615,"https://www.google.com/maps/@?api=1&map_action=map&center=54.67273,-3.03022&zoom=15&basemap=satellite",0.744,1.55,2.69
616,(unnamed),Scotland,lake,13673,472.5,187,57.29418,-4.66169,https://tarns.netlify.app/?id=616,"https://www.google.com/maps/@?api=1&map_action=map&center=57.29418,-4.66169&zoom=15&basemap=satellite",0.546,1.01,1.37
617,(unnamed),Scotland,lake,55602,472.2,329,58.2988,-4.7075,https://tarns.netlify.app/?id=617,"https://www.google.com/maps/@?api=1&map_action=map&center=58.2988,-4.7075&zoom=15&basemap=satellite",0.763,1.06,5.56
618,Collierhill Dam,England,,12453,472.1,162,54.77413,-2.26498,https://tarns.netlify.app/?id=618,"https://www.google.com/maps/@?api=1&map_action=map&center=54.77413,-2.26498&zoom=15&basemap=satellite",0.707,1.3,1.25
619,(unnamed),Scotland,,8809,471.8,163,56.47212,-3.76135,https://tarns.netlify.app/?id=619,"https://www.google.com/maps/@?api=1&map_action=map&center=56.47212,-3.76135&zoom=15&basemap=satellite",0.6,1.12,0.88
620,Lochan a' Mhill Bhig,Scotland,,36190,471.3,382,56.27816,-4.86877,https://tarns.netlify.app/?id=620,"https://www.google.com/maps/@?api=1&map_action=map&center=56.27816,-4.86877&zoom=15&basemap=satellite",0.638,2.43,3.62
621,Pwll Pen-ffordd-goch,Wales,lake,14249,471.1,292,51.7915,-3.0814,https://tarns.netlify.app/?id=621,"https://www.google.com/maps/@?api=1&map_action=map&center=51.7915,-3.0814&zoom=15&basemap=satellite",0.56,3.34,1.42
622,Stickle Tarn,England,pond,85940,471.0,421,54.45944,-3.10108,https://tarns.netlify.app/?id=622,"https://www.google.com/maps/@?api=1&map_action=map&center=54.45944,-3.10108&zoom=15&basemap=satellite",0.728,1.33,8.59
623,(unnamed),Scotland,,8639,469.1,173,56.98084,-4.9281,https://tarns.netlify.app/?id=623,"https://www.google.com/maps/@?api=1&map_action=map&center=56.98084,-4.9281&zoom=15&basemap=satellite",0.512,1.69,0.86
624,(unnamed),Scotland,,6392,469.0,228,56.87005,-3.92538,https://tarns.netlify.app/?id=624,"https://www.google.com/maps/@?api=1&map_action=map&center=56.87005,-3.92538&zoom=15&basemap=satellite",0.29,2.26,0.64
625,(unnamed),Scotland,,6002,468.9,163,57.23287,-5.55323,https://tarns.netlify.app/?id=625,"https://www.google.com/maps/@?api=1&map_action=map&center=57.23287,-5.55323&zoom=15&basemap=satellite",0.572,2.49,0.6
626,(unnamed),Scotland,,13315,468.2,187,58.24338,-4.94552,https://tarns.netlify.app/?id=626,"https://www.google.com/maps/@?api=1&map_action=map&center=58.24338,-4.94552&zoom=15&basemap=satellite",0.587,1.14,1.33
627,Lochain Meallan a' Chuail,Scotland,lake,110121,468.1,684,58.22275,-4.81163,https://tarns.netlify.app/?id=627,"https://www.google.com/maps/@?api=1&map_action=map&center=58.22275,-4.81163&zoom=15&basemap=satellite",0.567,2.41,11.01
628,Lochan Uaine,Scotland,lake,29434,467.7,264,56.45442,-3.97211,https://tarns.netlify.app/?id=628,"https://www.google.com/maps/@?api=1&map_action=map&center=56.45442,-3.97211&zoom=15&basemap=satellite",0.658,1.04,2.94
629,Loch nan Eang,Scotland,lake,8888,467.7,148,57.97055,-6.82919,https://tarns.netlify.app/?id=629,"https://www.google.com/maps/@?api=1&map_action=map&center=57.97055,-6.82919&zoom=15&basemap=satellite",0.672,1.58,0.89
630,Llyn Bach Gamallt,Wales,,27558,467.5,308,52.98256,-3.86837,https://tarns.netlify.app/?id=630,"https://www.google.com/maps/@?api=1&map_action=map&center=52.98256,-3.86837&zoom=15&basemap=satellite",0.664,2.24,2.76
631,(unnamed),Scotland,,18363,467.5,260,57.80167,-5.13578,https://tarns.netlify.app/?id=631,"https://www.google.com/maps/@?api=1&map_action=map&center=57.80167,-5.13578&zoom=15&basemap=satellite",0.625,2.11,1.84
632,Loch na Craoibhe-caoruinn,Scotland,,13270,467.3,222,57.27495,-5.47445,https://tarns.netlify.app/?id=632,"https://www.google.com/maps/@?api=1&map_action=map&center=57.27495,-5.47445&zoom=15&basemap=satellite",0.401,1.46,1.33
633,(unnamed),Scotland,,6878,467.2,176,57.429,-5.32642,https://tarns.netlify.app/?id=633,"https://www.google.com/maps/@?api=1&map_action=map&center=57.429,-5.32642&zoom=15&basemap=satellite",0.719,3.11,0.69
634,Llyn Mawr Gamallt,Wales,,103064,467.0,712,52.98025,-3.86597,https://tarns.netlify.app/?id=634,"https://www.google.com/maps/@?api=1&map_action=map&center=52.98025,-3.86597&zoom=15&basemap=satellite",0.591,2.85,10.31
635,Codale Tarn,England,,14105,467.0,215,54.46979,-3.08654,https://tarns.netlify.app/?id=635,"https://www.google.com/maps/@?api=1&map_action=map&center=54.46979,-3.08654&zoom=15&basemap=satellite",0.687,2.25,1.41
636,Burnhead Dam,England,,11615,466.3,170,54.80643,-2.09353,https://tarns.netlify.app/?id=636,"https://www.google.com/maps/@?api=1&map_action=map&center=54.80643,-2.09353&zoom=15&basemap=satellite",0.571,1.42,1.16
637,Loch Carn Tarsuinn Beag,Scotland,lake,21958,466.1,256,57.24273,-4.6781,https://tarns.netlify.app/?id=637,"https://www.google.com/maps/@?api=1&map_action=map&center=57.24273,-4.6781&zoom=15&basemap=satellite",0.474,1.41,2.2
638,(unnamed),Scotland,,9269,465.7,606,56.9408,-3.48555,https://tarns.netlify.app/?id=638,"https://www.google.com/maps/@?api=1&map_action=map&center=56.9408,-3.48555&zoom=15&basemap=satellite",0.111,4.39,0.93
639,Llyn Perfeddau,Wales,,9817,465.6,136,52.81854,-3.99109,https://tarns.netlify.app/?id=639,"https://www.google.com/maps/@?api=1&map_action=map&center=52.81854,-3.99109&zoom=15&basemap=satellite",0.722,1.36,0.98
640,Loch nan Stuirteag,Scotland,lake,6549,465.6,100,57.31273,-4.10936,https://tarns.netlify.app/?id=640,"https://www.google.com/maps/@?api=1&map_action=map&center=57.31273,-4.10936&zoom=15&basemap=satellite",0.793,1.16,0.65
641,Lochan Srath Dubh-uisge,Scotland,,70519,465.1,380,56.30361,-4.77848,https://tarns.netlify.app/?id=641,"https://www.google.com/maps/@?api=1&map_action=map&center=56.30361,-4.77848&zoom=15&basemap=satellite",0.759,1.06,7.05
642,(unnamed),Scotland,,6908,465.1,259,57.27879,-5.37456,https://tarns.netlify.app/?id=642,"https://www.google.com/maps/@?api=1&map_action=map&center=57.27879,-5.37456&zoom=15&basemap=satellite",0.443,4.23,0.69
643,Loch Liath,Scotland,lake,24374,465.0,286,57.25094,-4.65854,https://tarns.netlify.app/?id=643,"https://www.google.com/maps/@?api=1&map_action=map&center=57.25094,-4.65854&zoom=15&basemap=satellite",0.538,1.8,2.44
644,(unnamed),Scotland,,6545,464.9,129,58.21636,-4.89367,https://tarns.netlify.app/?id=644,"https://www.google.com/maps/@?api=1&map_action=map&center=58.21636,-4.89367&zoom=15&basemap=satellite",0.597,1.09,0.65
645,(unnamed),Scotland,lake,5220,464.1,117,57.28243,-4.65254,https://tarns.netlify.app/?id=645,"https://www.google.com/maps/@?api=1&map_action=map&center=57.28243,-4.65254&zoom=15&basemap=satellite",0.73,1.92,0.52
646,(unnamed),Scotland,lake,8378,463.7,129,57.28087,-4.65218,https://tarns.netlify.app/?id=646,"https://www.google.com/maps/@?api=1&map_action=map&center=57.28087,-4.65218&zoom=15&basemap=satellite",0.681,1.31,0.84
647,Loch Girvan Eye,Scotland,,11633,463.4,184,55.20241,-4.49675,https://tarns.netlify.app/?id=647,"https://www.google.com/maps/@?api=1&map_action=map&center=55.20241,-4.49675&zoom=15&basemap=satellite",0.692,1.98,1.16
648,(unnamed),Scotland,lake,10164,463.3,160,58.30376,-4.96416,https://tarns.netlify.app/?id=648,"https://www.google.com/maps/@?api=1&map_action=map&center=58.30376,-4.96416&zoom=15&basemap=satellite",0.654,1.49,1.02
649,(unnamed),Wales,,18130,462.9,365,52.20918,-3.80306,https://tarns.netlify.app/?id=649,"https://www.google.com/maps/@?api=1&map_action=map&center=52.20918,-3.80306&zoom=15&basemap=satellite",0.594,4.35,1.81
650,Loch an t-Sabhail,Scotland,,33389,462.6,389,57.27522,-5.38609,https://tarns.netlify.app/?id=650,"https://www.google.com/maps/@?api=1&map_action=map&center=57.27522,-5.38609&zoom=15&basemap=satellite",0.513,2.19,3.34
651,(unnamed),Scotland,,10317,462.5,170,56.69311,-5.84972,https://tarns.netlify.app/?id=651,"https://www.google.com/maps/@?api=1&map_action=map&center=56.69311,-5.84972&zoom=15&basemap=satellite",0.65,1.01,1.03
652,(unnamed),Scotland,,12470,462.5,201,58.14469,-5.0213,https://tarns.netlify.app/?id=652,"https://www.google.com/maps/@?api=1&map_action=map&center=58.14469,-5.0213&zoom=15&basemap=satellite",0.728,2.36,1.25
653,(unnamed),Scotland,,10339,462.3,323,56.2118,-5.23225,https://tarns.netlify.app/?id=653,"https://www.google.com/maps/@?api=1&map_action=map&center=56.2118,-5.23225&zoom=15&basemap=satellite",0.619,6.23,1.03
654,Lochan Dubh,Scotland,,28903,462.2,372,58.30399,-4.81628,https://tarns.netlify.app/?id=654,"https://www.google.com/maps/@?api=1&map_action=map&center=58.30399,-4.81628&zoom=15&basemap=satellite",0.597,2.74,2.89
655,(unnamed),Scotland,,5339,462.0,150,57.00467,-5.75938,https://tarns.netlify.app/?id=655,"https://www.google.com/maps/@?api=1&map_action=map&center=57.00467,-5.75938&zoom=15&basemap=satellite",0.558,2.29,0.53
656,Loch na Dubharaiche,Scotland,,12552,462.0,251,57.26276,-5.39972,https://tarns.netlify.app/?id=656,"https://www.google.com/maps/@?api=1&map_action=map&center=57.26276,-5.39972&zoom=15&basemap=satellite",0.498,2.48,1.26
657,Loch na Leirg,Scotland,,34913,460.8,357,55.95912,-5.12809,https://tarns.netlify.app/?id=657,"https://www.google.com/maps/@?api=1&map_action=map&center=55.95912,-5.12809&zoom=15&basemap=satellite",0.511,1.86,3.49
658,(unnamed),Scotland,,17719,460.7,241,57.27984,-4.64666,https://tarns.netlify.app/?id=658,"https://www.google.com/maps/@?api=1&map_action=map&center=57.27984,-4.64666&zoom=15&basemap=satellite",0.587,1.76,1.77
659,Lochan Beinn Damchain,Scotland,,67031,460.6,544,56.31609,-4.76438,https://tarns.netlify.app/?id=659,"https://www.google.com/maps/@?api=1&map_action=map&center=56.31609,-4.76438&zoom=15&basemap=satellite",0.571,2.43,6.7
660,(unnamed),Scotland,,6872,460.4,171,58.34398,-4.79995,https://tarns.netlify.app/?id=660,"https://www.google.com/maps/@?api=1&map_action=map&center=58.34398,-4.79995&zoom=15&basemap=satellite",0.711,2.88,0.69
661,(unnamed),Scotland,lake,8415,460.1,127,58.34218,-4.73968,https://tarns.netlify.app/?id=661,"https://www.google.com/maps/@?api=1&map_action=map&center=58.34218,-4.73968&zoom=15&basemap=satellite",0.763,1.27,0.84
662,(unnamed),Scotland,pond,57068,460.0,453,56.71546,-5.4688,https://tarns.netlify.app/?id=662,"https://www.google.com/maps/@?api=1&map_action=map&center=56.71546,-5.4688&zoom=15&basemap=satellite",0.681,2.44,5.71
663,(unnamed),Scotland,lake,17035,459.2,243,57.30998,-4.61477,https://tarns.netlify.app/?id=663,"https://www.google.com/maps/@?api=1&map_action=map&center=57.30998,-4.61477&zoom=15&basemap=satellite",0.733,2.44,1.7
664,(unnamed),Scotland,lake,9601,459.1,221,58.30531,-4.96025,https://tarns.netlify.app/?id=664,"https://www.google.com/maps/@?api=1&map_action=map&center=58.30531,-4.96025&zoom=15&basemap=satellite",0.497,2.41,0.96
665,Loch na Faoileige,Scotland,,12695,459.1,198,57.31203,-4.603,https://tarns.netlify.app/?id=665,"https://www.google.com/maps/@?api=1&map_action=map&center=57.31203,-4.603&zoom=15&basemap=satellite",0.461,1.15,1.27
666,Llyn Gorast,Wales,,15862,458.8,243,52.25279,-3.77087,https://tarns.netlify.app/?id=666,"https://www.google.com/maps/@?api=1&map_action=map&center=52.25279,-3.77087&zoom=15&basemap=satellite",0.594,2.07,1.59
667,(unnamed),Scotland,lake,16733,458.5,274,56.89552,-5.56039,https://tarns.netlify.app/?id=667,"https://www.google.com/maps/@?api=1&map_action=map&center=56.89552,-5.56039&zoom=15&basemap=satellite",0.526,2.3,1.67
668,(unnamed),Scotland,lake,14128,458.5,202,57.31206,-4.6095,https://tarns.netlify.app/?id=668,"https://www.google.com/maps/@?api=1&map_action=map&center=57.31206,-4.6095&zoom=15&basemap=satellite",0.646,1.46,1.41
669,Loch Liath,Scotland,lake,247388,457.9,776,57.23791,-4.76268,https://tarns.netlify.app/?id=669,"https://www.google.com/maps/@?api=1&map_action=map&center=57.23791,-4.76268&zoom=15&basemap=satellite",0.711,1.73,24.74
670,Loch Loch,Scotland,,321332,457.5,1889,56.85131,-3.66437,https://tarns.netlify.app/?id=670,"https://www.google.com/maps/@?api=1&map_action=map&center=56.85131,-3.66437&zoom=15&basemap=satellite",0.591,6.53,32.13
671,(unnamed),Scotland,pond,13075,457.4,163,58.11727,-5.02393,https://tarns.netlify.app/?id=671,"https://www.google.com/maps/@?api=1&map_action=map&center=58.11727,-5.02393&zoom=15&basemap=satellite",0.689,1.22,1.31
672,Loch nan Eun,Scotland,,38052,457.4,479,57.67489,-4.93507,https://tarns.netlify.app/?id=672,"https://www.google.com/maps/@?api=1&map_action=map&center=57.67489,-4.93507&zoom=15&basemap=satellite",0.527,3.13,3.81
673,(unnamed),Scotland,,14787,456.6,248,56.24873,-5.17172,https://tarns.netlify.app/?id=673,"https://www.google.com/maps/@?api=1&map_action=map&center=56.24873,-5.17172&zoom=15&basemap=satellite",0.532,2.11,1.48
674,Llyn Cwn-byr,Wales,,19628,456.3,384,52.52092,-3.74361,https://tarns.netlify.app/?id=674,"https://www.google.com/maps/@?api=1&map_action=map&center=52.52092,-3.74361&zoom=15&basemap=satellite",0.511,3.83,1.96
675,Bugeilyn,Wales,,86703,456.1,688,52.51532,-3.73682,https://tarns.netlify.app/?id=675,"https://www.google.com/maps/@?api=1&map_action=map&center=52.51532,-3.73682&zoom=15&basemap=satellite",0.585,3.18,8.67
676,(unnamed),Scotland,,72874,456.0,458,58.12698,-4.85833,https://tarns.netlify.app/?id=676,"https://www.google.com/maps/@?api=1&map_action=map&center=58.12698,-4.85833&zoom=15&basemap=satellite",0.65,1.71,7.29
677,(unnamed),Scotland,,16060,455.8,220,57.82026,-5.11288,https://tarns.netlify.app/?id=677,"https://www.google.com/maps/@?api=1&map_action=map&center=57.82026,-5.11288&zoom=15&basemap=satellite",0.62,1.84,1.61
678,Llyn Coch-hwyad,Wales,,88092,454.9,506,52.68597,-3.5966,https://tarns.netlify.app/?id=678,"https://www.google.com/maps/@?api=1&map_action=map&center=52.68597,-3.5966&zoom=15&basemap=satellite",0.655,1.88,8.81
679,(unnamed),Scotland,lake,8658,454.8,201,57.60204,-4.76901,https://tarns.netlify.app/?id=679,"https://www.google.com/maps/@?api=1&map_action=map&center=57.60204,-4.76901&zoom=15&basemap=satellite",0.463,2.14,0.87
680,(unnamed),Scotland,pond,6754,454.8,145,58.45916,-4.81515,https://tarns.netlify.app/?id=680,"https://www.google.com/maps/@?api=1&map_action=map&center=58.45916,-4.81515&zoom=15&basemap=satellite",0.685,2.09,0.68
681,Llyn Conwy,Wales,lake,394008,454.3,931,52.99923,-3.81914,https://tarns.netlify.app/?id=681,"https://www.google.com/maps/@?api=1&map_action=map&center=52.99923,-3.81914&zoom=15&basemap=satellite",0.637,1.14,39.4
682,Loch a' Bhealaich,Scotland,,11728,453.9,148,57.57147,-4.79393,https://tarns.netlify.app/?id=682,"https://www.google.com/maps/@?api=1&map_action=map&center=57.57147,-4.79393&zoom=15&basemap=satellite",0.705,1.29,1.17
683,Loch na Faolaig,Scotland,,11898,453.5,284,57.2731,-5.47571,https://tarns.netlify.app/?id=683,"https://www.google.com/maps/@?api=1&map_action=map&center=57.2731,-5.47571&zoom=15&basemap=satellite",0.446,3.03,1.19
684,(unnamed),Scotland,,6446,453.5,124,58.40336,-4.56229,https://tarns.netlify.app/?id=684,"https://www.google.com/maps/@?api=1&map_action=map&center=58.40336,-4.56229&zoom=15&basemap=satellite",0.654,1.31,0.64
685,Llyn Arenig Fach,Wales,,119980,453.0,606,52.96013,-3.74694,https://tarns.netlify.app/?id=685,"https://www.google.com/maps/@?api=1&map_action=map&center=52.96013,-3.74694&zoom=15&basemap=satellite",0.649,1.98,12.0
686,(unnamed),Scotland,,6884,452.8,156,57.76493,-5.18031,https://tarns.netlify.app/?id=686,"https://www.google.com/maps/@?api=1&map_action=map&center=57.76493,-5.18031&zoom=15&basemap=satellite",0.773,2.73,0.69
687,(unnamed),Scotland,,7557,452.4,141,56.24398,-5.17308,https://tarns.netlify.app/?id=687,"https://www.google.com/maps/@?api=1&map_action=map&center=56.24398,-5.17308&zoom=15&basemap=satellite",0.551,1.29,0.76
688,Loch a' Bhealaich,Scotland,,37592,452.3,337,57.25052,-4.5663,https://tarns.netlify.app/?id=688,"https://www.google.com/maps/@?api=1&map_action=map&center=57.25052,-4.5663&zoom=15&basemap=satellite",0.453,1.22,3.76
689,Boyne Water,England,,11964,452.1,215,52.45855,-2.59047,https://tarns.netlify.app/?id=689,"https://www.google.com/maps/@?api=1&map_action=map&center=52.45855,-2.59047&zoom=15&basemap=satellite",0.699,2.68,1.2
690,Llyn Dyrnogydd,Wales,,17880,451.9,257,53.02035,-3.94971,https://tarns.netlify.app/?id=690,"https://www.google.com/maps/@?api=1&map_action=map&center=53.02035,-3.94971&zoom=15&basemap=satellite",0.736,2.67,1.79
691,Dubh Lochan,Scotland,,21645,451.8,299,56.78125,-4.11199,https://tarns.netlify.app/?id=691,"https://www.google.com/maps/@?api=1&map_action=map&center=56.78125,-4.11199&zoom=15&basemap=satellite",0.437,1.8,2.16
692,Fish Lake,England,,22381,451.6,304,54.59631,-2.22884,https://tarns.netlify.app/?id=692,"https://www.google.com/maps/@?api=1&map_action=map&center=54.59631,-2.22884&zoom=15&basemap=satellite",0.489,1.63,2.24
693,(unnamed),Scotland,,9488,451.6,149,57.10282,-5.61468,https://tarns.netlify.app/?id=693,"https://www.google.com/maps/@?api=1&map_action=map&center=57.10282,-5.61468&zoom=15&basemap=satellite",0.682,1.29,0.95
694,Small Water,England,,43837,451.4,340,54.48262,-2.84261,https://tarns.netlify.app/?id=694,"https://www.google.com/maps/@?api=1&map_action=map&center=54.48262,-2.84261&zoom=15&basemap=satellite",0.658,1.1,4.38
695,Lochan a’ Ghaorra,Scotland,pond,5129,451.3,112,56.92709,-4.04608,https://tarns.netlify.app/?id=695,"https://www.google.com/maps/@?api=1&map_action=map&center=56.92709,-4.04608&zoom=15&basemap=satellite",0.693,1.37,0.51
696,Coire Loch,Scotland,,172281,451.0,780,58.31396,-4.78704,https://tarns.netlify.app/?id=696,"https://www.google.com/maps/@?api=1&map_action=map&center=58.31396,-4.78704&zoom=15&basemap=satellite",0.592,1.9,17.23
697,Loch Coire nan Crogachan,Scotland,,10054,450.9,164,57.19085,-5.44482,https://tarns.netlify.app/?id=697,"https://www.google.com/maps/@?api=1&map_action=map&center=57.19085,-5.44482&zoom=15&basemap=satellite",0.654,1.7,1.01
698,Llyn Serw,Wales,lake,7132,450.9,128,52.96891,-3.81862,https://tarns.netlify.app/?id=698,"https://www.google.com/maps/@?api=1&map_action=map&center=52.96891,-3.81862&zoom=15&basemap=satellite",0.711,1.44,0.71
699,Loch Meallan an Fhudair,Scotland,,25047,450.8,231,57.683,-5.25121,https://tarns.netlify.app/?id=699,"https://www.google.com/maps/@?api=1&map_action=map&center=57.683,-5.25121&zoom=15&basemap=satellite",0.666,1.11,2.5
700,(unnamed),Scotland,,5598,450.6,131,58.19722,-4.29072,https://tarns.netlify.app/?id=700,"https://www.google.com/maps/@?api=1&map_action=map&center=58.19722,-4.29072&zoom=15&basemap=satellite",0.562,1.56,0.56
701,Lochan Pollaig,Scotland,lake,38407,450.0,332,57.84647,-4.71711,https://tarns.netlify.app/?id=701,"https://www.google.com/maps/@?api=1&map_action=map&center=57.84647,-4.71711&zoom=15&basemap=satellite",0.682,1.58,3.84
702,(unnamed),Scotland,,7413,449.8,138,58.19953,-4.28756,https://tarns.netlify.app/?id=702,"https://www.google.com/maps/@?api=1&map_action=map&center=58.19953,-4.28756&zoom=15&basemap=satellite",0.619,1.18,0.74
703,Llyn Du-Bâch,Wales,,24377,449.8,345,52.99627,-3.90954,https://tarns.netlify.app/?id=703,"https://www.google.com/maps/@?api=1&map_action=map&center=52.99627,-3.90954&zoom=15&basemap=satellite",0.445,2.17,2.44
704,(unnamed),Scotland,lake,9963,449.6,197,57.2519,-4.62732,https://tarns.netlify.app/?id=704,"https://www.google.com/maps/@?api=1&map_action=map&center=57.2519,-4.62732&zoom=15&basemap=satellite",0.551,2.14,1.0
705,Lochan Sgeireach,Scotland,,69640,449.5,405,57.54547,-5.18643,https://tarns.netlify.app/?id=705,"https://www.google.com/maps/@?api=1&map_action=map&center=57.54547,-5.18643&zoom=15&basemap=satellite",0.689,1.41,6.96
706,(unnamed),Scotland,lake,15002,449.4,188,58.3076,-4.95929,https://tarns.netlify.app/?id=706,"https://www.google.com/maps/@?api=1&map_action=map&center=58.3076,-4.95929&zoom=15&basemap=satellite",0.646,1.46,1.5
707,(unnamed),Scotland,,28085,449.3,309,58.36701,-4.78516,https://tarns.netlify.app/?id=707,"https://www.google.com/maps/@?api=1&map_action=map&center=58.36701,-4.78516&zoom=15&basemap=satellite",0.508,1.12,2.81
708,Loch Dubh a' Chuail,Scotland,lake,174267,449.3,638,58.21028,-4.81696,https://tarns.netlify.app/?id=708,"https://www.google.com/maps/@?api=1&map_action=map&center=58.21028,-4.81696&zoom=15&basemap=satellite",0.662,1.52,17.43
709,Loch Gorm Mòr,Scotland,,12907,449.3,247,57.27125,-5.46259,https://tarns.netlify.app/?id=709,"https://www.google.com/maps/@?api=1&map_action=map&center=57.27125,-5.46259&zoom=15&basemap=satellite",0.607,2.85,1.29
710,(unnamed),Scotland,,13420,449.3,173,58.13093,-5.06191,https://tarns.netlify.app/?id=710,"https://www.google.com/maps/@?api=1&map_action=map&center=58.13093,-5.06191&zoom=15&basemap=satellite",0.618,1.14,1.34
711,(unnamed),Scotland,,14348,449.3,318,58.13226,-5.06402,https://tarns.netlify.app/?id=711,"https://www.google.com/maps/@?api=1&map_action=map&center=58.13226,-5.06402&zoom=15&basemap=satellite",0.461,3.16,1.43
712,(unnamed),Scotland,,6496,448.9,114,58.22559,-4.89618,https://tarns.netlify.app/?id=712,"https://www.google.com/maps/@?api=1&map_action=map&center=58.22559,-4.89618&zoom=15&basemap=satellite",0.719,1.04,0.65
713,(unnamed),Scotland,,5717,448.9,124,58.40459,-4.56148,https://tarns.netlify.app/?id=713,"https://www.google.com/maps/@?api=1&map_action=map&center=58.40459,-4.56148&zoom=15&basemap=satellite",0.728,1.79,0.57
714,(unnamed),Scotland,lake,5853,448.9,161,57.1955,-4.92331,https://tarns.netlify.app/?id=714,"https://www.google.com/maps/@?api=1&map_action=map&center=57.1955,-4.92331&zoom=15&basemap=satellite",0.587,2.5,0.59
715,Loch Boltachan,Scotland,lake,89890,448.8,495,56.40934,-4.10948,https://tarns.netlify.app/?id=715,"https://www.google.com/maps/@?api=1&map_action=map&center=56.40934,-4.10948&zoom=15&basemap=satellite",0.58,1.03,8.99
716,(unnamed),Scotland,,5700,448.4,152,58.20568,-4.29636,https://tarns.netlify.app/?id=716,"https://www.google.com/maps/@?api=1&map_action=map&center=58.20568,-4.29636&zoom=15&basemap=satellite",0.533,2.16,0.57
717,Loch na Bioraich,Scotland,lake,12858,448.0,223,56.80656,-5.62216,https://tarns.netlify.app/?id=717,"https://www.google.com/maps/@?api=1&map_action=map&center=56.80656,-5.62216&zoom=15&basemap=satellite",0.602,2.32,1.29
718,(unnamed),Scotland,pond,16669,447.5,215,57.87605,-5.02594,https://tarns.netlify.app/?id=718,"https://www.google.com/maps/@?api=1&map_action=map&center=57.87605,-5.02594&zoom=15&basemap=satellite",0.62,1.67,1.67
719,(unnamed),Scotland,,5637,447.4,199,58.24013,-4.8778,https://tarns.netlify.app/?id=719,"https://www.google.com/maps/@?api=1&map_action=map&center=58.24013,-4.8778&zoom=15&basemap=satellite",0.343,2.41,0.56
720,Lochan Tom Ailein,Scotland,lake,17015,447.3,217,56.73612,-4.82842,https://tarns.netlify.app/?id=720,"https://www.google.com/maps/@?api=1&map_action=map&center=56.73612,-4.82842&zoom=15&basemap=satellite",0.575,1.42,1.7
721,An Gorm -loch,Scotland,,63374,447.3,520,58.40007,-4.57395,https://tarns.netlify.app/?id=721,"https://www.google.com/maps/@?api=1&map_action=map&center=58.40007,-4.57395&zoom=15&basemap=satellite",0.591,2.47,6.34
722,Llyn Fach,Wales,,30645,447.3,294,51.72184,-3.58617,https://tarns.netlify.app/?id=722,"https://www.google.com/maps/@?api=1&map_action=map&center=51.72184,-3.58617&zoom=15&basemap=satellite",0.714,1.89,3.06
723,(unnamed),Scotland,,9611,447.3,244,57.78436,-5.09751,https://tarns.netlify.app/?id=723,"https://www.google.com/maps/@?api=1&map_action=map&center=57.78436,-5.09751&zoom=15&basemap=satellite",0.505,3.11,0.96
724,(unnamed),Scotland,,12761,447.2,256,56.92883,-5.76702,https://tarns.netlify.app/?id=724,"https://www.google.com/maps/@?api=1&map_action=map&center=56.92883,-5.76702&zoom=15&basemap=satellite",0.595,3.05,1.28
725,(unnamed),Scotland,,18922,447.0,214,58.25632,-4.83996,https://tarns.netlify.app/?id=725,"https://www.google.com/maps/@?api=1&map_action=map&center=58.25632,-4.83996&zoom=15&basemap=satellite",0.667,1.37,1.89
726,(unnamed),Wales,,5866,446.9,130,52.5065,-3.8639,https://tarns.netlify.app/?id=726,"https://www.google.com/maps/@?api=1&map_action=map&center=52.5065,-3.8639&zoom=15&basemap=satellite",0.635,1.82,0.59
727,Lochan Dearg Beag,Scotland,,6401,446.8,165,57.5148,-5.43264,https://tarns.netlify.app/?id=727,"https://www.google.com/maps/@?api=1&map_action=map&center=57.5148,-5.43264&zoom=15&basemap=satellite",0.551,2.33,0.64
728,(unnamed),Scotland,,7126,446.5,148,58.27067,-4.92949,https://tarns.netlify.app/?id=728,"https://www.google.com/maps/@?api=1&map_action=map&center=58.27067,-4.92949&zoom=15&basemap=satellite",0.724,2.11,0.71
729,(unnamed),Scotland,,14086,446.1,268,56.89318,-5.56341,https://tarns.netlify.app/?id=729,"https://www.google.com/maps/@?api=1&map_action=map&center=56.89318,-5.56341&zoom=15&basemap=satellite",0.446,2.27,1.41
730,Loch na Cuiche,Scotland,,15271,446.1,191,57.2706,-5.47039,https://tarns.netlify.app/?id=730,"https://www.google.com/maps/@?api=1&map_action=map&center=57.2706,-5.47039&zoom=15&basemap=satellite",0.51,1.16,1.53
731,Lochan na Brathan,Scotland,,16647,445.9,261,57.78784,-5.22019,https://tarns.netlify.app/?id=731,"https://www.google.com/maps/@?api=1&map_action=map&center=57.78784,-5.22019&zoom=15&basemap=satellite",0.548,2.15,1.66
732,(unnamed),Scotland,,12349,445.8,236,57.85828,-5.15963,https://tarns.netlify.app/?id=732,"https://www.google.com/maps/@?api=1&map_action=map&center=57.85828,-5.15963&zoom=15&basemap=satellite",0.7,3.07,1.23
733,Lochan Dubh,Scotland,lake,7061,445.5,179,56.81409,-5.59121,https://tarns.netlify.app/?id=733,"https://www.google.com/maps/@?api=1&map_action=map&center=56.81409,-5.59121&zoom=15&basemap=satellite",0.714,3.14,0.71
734,Loch Cùl a' Mhill,Scotland,lake,100072,445.5,561,58.23634,-4.8041,https://tarns.netlify.app/?id=734,"https://www.google.com/maps/@?api=1&map_action=map&center=58.23634,-4.8041&zoom=15&basemap=satellite",0.517,1.58,10.01
735,(unnamed),Scotland,,20857,445.3,246,56.20376,-4.56687,https://tarns.netlify.app/?id=735,"https://www.google.com/maps/@?api=1&map_action=map&center=56.20376,-4.56687&zoom=15&basemap=satellite",0.609,1.16,2.09
736,Dubh loch na Creige Riabhach,Scotland,,139480,445.2,541,58.41332,-4.5586,https://tarns.netlify.app/?id=736,"https://www.google.com/maps/@?api=1&map_action=map&center=58.41332,-4.5586&zoom=15&basemap=satellite",0.763,1.32,13.95
737,(unnamed),Scotland,lake,6421,445.2,150,57.27378,-5.37824,https://tarns.netlify.app/?id=737,"https://www.google.com/maps/@?api=1&map_action=map&center=57.27378,-5.37824&zoom=15&basemap=satellite",0.391,1.34,0.64
738,Lochan Chárn nan Caorach,Scotland,,11237,444.9,175,57.11918,-5.44289,https://tarns.netlify.app/?id=738,"https://www.google.com/maps/@?api=1&map_action=map&center=57.11918,-5.44289&zoom=15&basemap=satellite",0.628,1.35,1.12
739,Llyn Lliwbran,Wales,lake,44416,444.9,381,52.8149,-3.66933,https://tarns.netlify.app/?id=739,"https://www.google.com/maps/@?api=1&map_action=map&center=52.8149,-3.66933&zoom=15&basemap=satellite",0.704,2.2,4.44
740,(unnamed),Scotland,,5233,444.7,127,57.97053,-6.56921,https://tarns.netlify.app/?id=740,"https://www.google.com/maps/@?api=1&map_action=map&center=57.97053,-6.56921&zoom=15&basemap=satellite",0.769,2.18,0.52
741,(unnamed),Scotland,lake,12477,444.6,167,57.60265,-4.74232,https://tarns.netlify.app/?id=741,"https://www.google.com/maps/@?api=1&map_action=map&center=57.60265,-4.74232&zoom=15&basemap=satellite",0.656,1.02,1.25
742,Lochan nam Muc,Scotland,,13383,444.1,198,56.30066,-4.68277,https://tarns.netlify.app/?id=742,"https://www.google.com/maps/@?api=1&map_action=map&center=56.30066,-4.68277&zoom=15&basemap=satellite",0.649,1.58,1.34
743,(unnamed),Scotland,,7588,444.0,134,58.22137,-4.90413,https://tarns.netlify.app/?id=743,"https://www.google.com/maps/@?api=1&map_action=map&center=58.22137,-4.90413&zoom=15&basemap=satellite",0.611,1.09,0.76
744,Loch Beinn an t-Sithein,Scotland,lake,30288,443.9,292,57.19362,-4.92265,https://tarns.netlify.app/?id=744,"https://www.google.com/maps/@?api=1&map_action=map&center=57.19362,-4.92265&zoom=15&basemap=satellite",0.601,1.23,3.03
745,Llyn Bach,Wales,lake,20368,443.7,206,52.28615,-3.77706,https://tarns.netlify.app/?id=745,"https://www.google.com/maps/@?api=1&map_action=map&center=52.28615,-3.77706&zoom=15&basemap=satellite",0.726,1.49,2.04
746,(unnamed),Scotland,lake,5286,443.4,131,57.19783,-4.92632,https://tarns.netlify.app/?id=746,"https://www.google.com/maps/@?api=1&map_action=map&center=57.19783,-4.92632&zoom=15&basemap=satellite",0.578,1.86,0.53
747,(unnamed),Scotland,pond,5310,443.0,144,56.73165,-5.58309,https://tarns.netlify.app/?id=747,"https://www.google.com/maps/@?api=1&map_action=map&center=56.73165,-5.58309&zoom=15&basemap=satellite",0.604,2.25,0.53
748,(unnamed),Scotland,pond,16161,442.7,276,57.87648,-5.03073,https://tarns.netlify.app/?id=748,"https://www.google.com/maps/@?api=1&map_action=map&center=57.87648,-5.03073&zoom=15&basemap=satellite",0.724,3.33,1.62
749,Loch a' Bhealaich,Scotland,,86040,442.6,508,57.60347,-4.76083,https://tarns.netlify.app/?id=749,"https://www.google.com/maps/@?api=1&map_action=map&center=57.60347,-4.76083&zoom=15&basemap=satellite",0.617,1.52,8.6
750,Loch Bhrodainn,Scotland,,217531,442.5,1122,56.92243,-4.05975,https://tarns.netlify.app/?id=750,"https://www.google.com/maps/@?api=1&map_action=map&center=56.92243,-4.05975&zoom=15&basemap=satellite",0.521,2.99,21.75
751,(unnamed),Scotland,,5633,442.5,137,57.5974,-5.5482,https://tarns.netlify.app/?id=751,"https://www.google.com/maps/@?api=1&map_action=map&center=57.5974,-5.5482&zoom=15&basemap=satellite",0.634,2.0,0.56
752,Loch a' Mhuilinn,Scotland,,16737,442.4,257,57.2677,-5.47186,https://tarns.netlify.app/?id=752,"https://www.google.com/maps/@?api=1&map_action=map&center=57.2677,-5.47186&zoom=15&basemap=satellite",0.487,1.63,1.67
753,Loch Arron,Scotland,,25395,441.8,259,55.12408,-4.44253,https://tarns.netlify.app/?id=753,"https://www.google.com/maps/@?api=1&map_action=map&center=55.12408,-4.44253&zoom=15&basemap=satellite",0.628,1.29,2.54
754,(unnamed),Scotland,,6473,441.5,124,57.59848,-5.54753,https://tarns.netlify.app/?id=754,"https://www.google.com/maps/@?api=1&map_action=map&center=57.59848,-5.54753&zoom=15&basemap=satellite",0.588,1.26,0.65
755,Loch an Spàrdain,Scotland,lake,44622,441.5,331,57.50528,-4.80125,https://tarns.netlify.app/?id=755,"https://www.google.com/maps/@?api=1&map_action=map&center=57.50528,-4.80125&zoom=15&basemap=satellite",0.712,1.75,4.46
756,(unnamed),Scotland,,25151,441.4,261,57.25041,-4.57224,https://tarns.netlify.app/?id=756,"https://www.google.com/maps/@?api=1&map_action=map&center=57.25041,-4.57224&zoom=15&basemap=satellite",0.587,1.27,2.52
757,(unnamed),Scotland,lake,8040,441.3,172,57.54519,-4.72226,https://tarns.netlify.app/?id=757,"https://www.google.com/maps/@?api=1&map_action=map&center=57.54519,-4.72226&zoom=15&basemap=satellite",0.613,1.76,0.8
758,(unnamed),Scotland,,81498,441.2,581,58.23039,-4.88271,https://tarns.netlify.app/?id=758,"https://www.google.com/maps/@?api=1&map_action=map&center=58.23039,-4.88271&zoom=15&basemap=satellite",0.501,2.0,8.15
759,Llyn Cwm-y-foel,Wales,lake,28762,441.2,486,53.00214,-4.00537,https://tarns.netlify.app/?id=759,"https://www.google.com/maps/@?api=1&map_action=map&center=53.00214,-4.00537&zoom=15&basemap=satellite",0.378,2.97,2.88
760,Llyn y Garn,Wales,lake,85406,441.0,609,52.92278,-3.84409,https://tarns.netlify.app/?id=760,"https://www.google.com/maps/@?api=1&map_action=map&center=52.92278,-3.84409&zoom=15&basemap=satellite",0.44,1.39,8.54
761,(unnamed),Scotland,,12425,441.0,599,56.93095,-4.04873,https://tarns.netlify.app/?id=761,"https://www.google.com/maps/@?api=1&map_action=map&center=56.93095,-4.04873&zoom=15&basemap=satellite",0.111,3.1,1.24
762,(unnamed),Scotland,,40152,440.4,406,58.22184,-4.89709,https://tarns.netlify.app/?id=762,"https://www.google.com/maps/@?api=1&map_action=map&center=58.22184,-4.89709&zoom=15&basemap=satellite",0.516,1.98,4.02
763,Loch Mheugaidh,Scotland,,60972,440.2,431,56.72564,-4.4007,https://tarns.netlify.app/?id=763,"https://www.google.com/maps/@?api=1&map_action=map&center=56.72564,-4.4007&zoom=15&basemap=satellite",0.719,2.15,6.1
764,Red Lake,England,,16066,440.2,200,50.486,-3.91119,https://tarns.netlify.app/?id=764,"https://www.google.com/maps/@?api=1&map_action=map&center=50.486,-3.91119&zoom=15&basemap=satellite",0.614,1.31,1.61
765,Llyn Berwyn,Wales,,127793,440.1,511,52.19599,-3.84047,https://tarns.netlify.app/?id=765,"https://www.google.com/maps/@?api=1&map_action=map&center=52.19599,-3.84047&zoom=15&basemap=satellite",0.737,1.47,12.78
766,(unnamed),Scotland,,5052,440.0,109,58.22596,-4.90658,https://tarns.netlify.app/?id=766,"https://www.google.com/maps/@?api=1&map_action=map&center=58.22596,-4.90658&zoom=15&basemap=satellite",0.633,1.3,0.51
767,Styhead Tarn,England,,18927,439.9,246,54.47807,-3.20257,https://tarns.netlify.app/?id=767,"https://www.google.com/maps/@?api=1&map_action=map&center=54.47807,-3.20257&zoom=15&basemap=satellite",0.601,1.63,1.89
768,Loch na Leitir Beithe,Scotland,,29050,439.9,366,57.23927,-4.89776,https://tarns.netlify.app/?id=768,"https://www.google.com/maps/@?api=1&map_action=map&center=57.23927,-4.89776&zoom=15&basemap=satellite",0.538,2.47,2.9
769,Loch Carn Mhartuin,Scotland,,70410,439.8,508,57.54766,-5.04543,https://tarns.netlify.app/?id=769,"https://www.google.com/maps/@?api=1&map_action=map&center=57.54766,-5.04543&zoom=15&basemap=satellite",0.573,1.93,7.04
770,Lochan Dubh,Scotland,,28263,439.5,340,57.18568,-3.85608,https://tarns.netlify.app/?id=770,"https://www.google.com/maps/@?api=1&map_action=map&center=57.18568,-3.85608&zoom=15&basemap=satellite",0.594,2.43,2.83
771,Loch Essan,Scotland,,125796,439.1,729,56.42197,-4.57513,https://tarns.netlify.app/?id=771,"https://www.google.com/maps/@?api=1&map_action=map&center=56.42197,-4.57513&zoom=15&basemap=satellite",0.588,2.47,12.58
772,Llyn y Bi,Wales,,26079,439.0,265,52.81904,-3.97558,https://tarns.netlify.app/?id=772,"https://www.google.com/maps/@?api=1&map_action=map&center=52.81904,-3.97558&zoom=15&basemap=satellite",0.651,1.55,2.61
773,Loch Beag,Scotland,lake,10152,438.9,188,57.82426,-4.29299,https://tarns.netlify.app/?id=773,"https://www.google.com/maps/@?api=1&map_action=map&center=57.82426,-4.29299&zoom=15&basemap=satellite",0.65,2.07,1.02
774,(unnamed),Scotland,,9525,438.4,147,57.71794,-5.37714,https://tarns.netlify.app/?id=774,"https://www.google.com/maps/@?api=1&map_action=map&center=57.71794,-5.37714&zoom=15&basemap=satellite",0.713,1.43,0.95
775,(unnamed),Scotland,,45375,438.0,357,58.12544,-5.03589,https://tarns.netlify.app/?id=775,"https://www.google.com/maps/@?api=1&map_action=map&center=58.12544,-5.03589&zoom=15&basemap=satellite",0.614,1.42,4.54
776,Loch Dubh,Scotland,,32513,438.0,374,58.22291,-4.83321,https://tarns.netlify.app/?id=776,"https://www.google.com/maps/@?api=1&map_action=map&center=58.22291,-4.83321&zoom=15&basemap=satellite",0.454,1.92,3.25
777,(unnamed),Scotland,pond,7998,437.9,230,57.91593,-4.99731,https://tarns.netlify.app/?id=777,"https://www.google.com/maps/@?api=1&map_action=map&center=57.91593,-4.99731&zoom=15&basemap=satellite",0.661,4.32,0.8
778,(unnamed),Scotland,lake,8480,437.8,214,56.28426,-5.1593,https://tarns.netlify.app/?id=778,"https://www.google.com/maps/@?api=1&map_action=map&center=56.28426,-5.1593&zoom=15&basemap=satellite",0.581,3.1,0.85
779,Pinkery Pond,England,,8573,437.2,181,51.16559,-3.82775,https://tarns.netlify.app/?id=779,"https://www.google.com/maps/@?api=1&map_action=map&center=51.16559,-3.82775&zoom=15&basemap=satellite",0.586,2.23,0.86
780,(unnamed),Scotland,lake,6045,436.7,133,56.28095,-5.16782,https://tarns.netlify.app/?id=780,"https://www.google.com/maps/@?api=1&map_action=map&center=56.28095,-5.16782&zoom=15&basemap=satellite",0.561,1.32,0.6
781,Lochan Sgùrr na Grèine,Scotland,lake,8438,436.1,131,56.58688,-5.8183,https://tarns.netlify.app/?id=781,"https://www.google.com/maps/@?api=1&map_action=map&center=56.58688,-5.8183&zoom=15&basemap=satellite",0.68,1.33,0.84
782,(unnamed),Scotland,pond,15927,435.9,303,57.92718,-5.02011,https://tarns.netlify.app/?id=782,"https://www.google.com/maps/@?api=1&map_action=map&center=57.92718,-5.02011&zoom=15&basemap=satellite",0.588,3.35,1.59
783,(unnamed),Scotland,,15802,435.8,273,58.40985,-4.56532,https://tarns.netlify.app/?id=783,"https://www.google.com/maps/@?api=1&map_action=map&center=58.40985,-4.56532&zoom=15&basemap=satellite",0.648,2.98,1.58
784,Rhiw Pool,Wales,,10040,435.5,127,52.29436,-3.20225,https://tarns.netlify.app/?id=784,"https://www.google.com/maps/@?api=1&map_action=map&center=52.29436,-3.20225&zoom=15&basemap=satellite",0.808,1.26,1.0
785,(unnamed),Scotland,,6380,435.5,136,56.34016,-5.30955,https://tarns.netlify.app/?id=785,"https://www.google.com/maps/@?api=1&map_action=map&center=56.34016,-5.30955&zoom=15&basemap=satellite",0.695,2.0,0.64
786,(unnamed),Scotland,,5938,435.0,111,57.75649,-5.19008,https://tarns.netlify.app/?id=786,"https://www.google.com/maps/@?api=1&map_action=map&center=57.75649,-5.19008&zoom=15&basemap=satellite",0.646,1.01,0.59
787,Llyn Gwngu,Wales,,27200,435.0,245,52.34213,-3.70579,https://tarns.netlify.app/?id=787,"https://www.google.com/maps/@?api=1&map_action=map&center=52.34213,-3.70579&zoom=15&basemap=satellite",0.719,1.37,2.72
788,(unnamed),Scotland,lake,7514,435.0,195,56.80129,-5.74198,https://tarns.netlify.app/?id=788,"https://www.google.com/maps/@?api=1&map_action=map&center=56.80129,-5.74198&zoom=15&basemap=satellite",0.437,2.2,0.75
789,Lochan Oisinneach Beag,Scotland,,32726,434.8,271,56.68386,-3.57084,https://tarns.netlify.app/?id=789,"https://www.google.com/maps/@?api=1&map_action=map&center=56.68386,-3.57084&zoom=15&basemap=satellite",0.72,1.54,3.27
790,(unnamed),Scotland,,5941,434.5,123,57.38616,-5.37679,https://tarns.netlify.app/?id=790,"https://www.google.com/maps/@?api=1&map_action=map&center=57.38616,-5.37679&zoom=15&basemap=satellite",0.696,1.36,0.59
791,Loch an Dubhair,Scotland,lake,25278,434.4,299,57.24371,-4.668,https://tarns.netlify.app/?id=791,"https://www.google.com/maps/@?api=1&map_action=map&center=57.24371,-4.668&zoom=15&basemap=satellite",0.578,1.82,2.53
792,(unnamed),Scotland,,6098,434.4,115,58.24648,-4.93304,https://tarns.netlify.app/?id=792,"https://www.google.com/maps/@?api=1&map_action=map&center=58.24648,-4.93304&zoom=15&basemap=satellite",0.683,1.06,0.61
793,(unnamed),Scotland,lake,6574,434.2,111,57.19823,-4.93151,https://tarns.netlify.app/?id=793,"https://www.google.com/maps/@?api=1&map_action=map&center=57.19823,-4.93151&zoom=15&basemap=satellite",0.733,1.04,0.66
794,Loch Dearg,Scotland,,51119,434.0,565,56.80431,-5.71089,https://tarns.netlify.app/?id=794,"https://www.google.com/maps/@?api=1&map_action=map&center=56.80431,-5.71089&zoom=15&basemap=satellite",0.422,2.61,5.11
795,Loch Bealach a' Bhùirich,Scotland,lake,81318,433.8,403,58.20656,-4.96046,https://tarns.netlify.app/?id=795,"https://www.google.com/maps/@?api=1&map_action=map&center=58.20656,-4.96046&zoom=15&basemap=satellite",0.665,1.29,8.13
796,(unnamed),Scotland,pond,8776,433.3,159,57.57768,-5.25453,https://tarns.netlify.app/?id=796,"https://www.google.com/maps/@?api=1&map_action=map&center=57.57768,-5.25453&zoom=15&basemap=satellite",0.616,1.75,0.88
797,(unnamed),Scotland,lake,6925,433.2,137,57.54248,-4.7078,https://tarns.netlify.app/?id=797,"https://www.google.com/maps/@?api=1&map_action=map&center=57.54248,-4.7078&zoom=15&basemap=satellite",0.609,1.31,0.69
798,(unnamed),Wales,,19008,432.6,255,52.54783,-3.68107,https://tarns.netlify.app/?id=798,"https://www.google.com/maps/@?api=1&map_action=map&center=52.54783,-3.68107&zoom=15&basemap=satellite",0.626,2.0,1.9
799,Lochan Coir' an Eich Ghlais,Scotland,,26446,432.5,353,57.75725,-5.15316,https://tarns.netlify.app/?id=799,"https://www.google.com/maps/@?api=1&map_action=map&center=57.75725,-5.15316&zoom=15&basemap=satellite",0.286,1.17,2.64
800,(unnamed),Scotland,pond,7036,432.5,147,57.93051,-4.63857,https://tarns.netlify.app/?id=800,"https://www.google.com/maps/@?api=1&map_action=map&center=57.93051,-4.63857&zoom=15&basemap=satellite",0.722,2.12,0.7
801,Lochan na Craoibhe,Scotland,lake,6707,432.4,135,57.27148,-4.76579,https://tarns.netlify.app/?id=801,"https://www.google.com/maps/@?api=1&map_action=map&center=57.27148,-4.76579&zoom=15&basemap=satellite",0.745,1.92,0.67
802,(unnamed),Scotland,pond,17033,431.9,248,57.8831,-5.06987,https://tarns.netlify.app/?id=802,"https://www.google.com/maps/@?api=1&map_action=map&center=57.8831,-5.06987&zoom=15&basemap=satellite",0.642,2.28,1.7
803,(unnamed),Scotland,pond,12544,431.8,304,58.28722,-3.83857,https://tarns.netlify.app/?id=803,"https://www.google.com/maps/@?api=1&map_action=map&center=58.28722,-3.83857&zoom=15&basemap=satellite",0.409,3.02,1.25
804,(unnamed),Scotland,pond,14244,431.5,297,58.29131,-3.83458,https://tarns.netlify.app/?id=804,"https://www.google.com/maps/@?api=1&map_action=map&center=58.29131,-3.83458&zoom=15&basemap=satellite",0.451,2.78,1.42
805,(unnamed),Scotland,lake,7461,431.1,137,58.1265,-5.04664,https://tarns.netlify.app/?id=805,"https://www.google.com/maps/@?api=1&map_action=map&center=58.1265,-5.04664&zoom=15&basemap=satellite",0.588,1.06,0.75
806,(unnamed),Scotland,,6270,431.1,118,56.93179,-5.76395,https://tarns.netlify.app/?id=806,"https://www.google.com/maps/@?api=1&map_action=map&center=56.93179,-5.76395&zoom=15&basemap=satellite",0.759,1.04,0.63
807,Llyn y Gorlan,Wales,lake,36921,430.7,407,52.28719,-3.78057,https://tarns.netlify.app/?id=807,"https://www.google.com/maps/@?api=1&map_action=map&center=52.28719,-3.78057&zoom=15&basemap=satellite",0.493,2.09,3.69
808,(unnamed),Scotland,,7972,430.7,154,57.50254,-5.60007,https://tarns.netlify.app/?id=808,"https://www.google.com/maps/@?api=1&map_action=map&center=57.50254,-5.60007&zoom=15&basemap=satellite",0.593,1.75,0.8
809,Loch an Sgùid,Scotland,,27426,430.6,409,57.22982,-5.02995,https://tarns.netlify.app/?id=809,"https://www.google.com/maps/@?api=1&map_action=map&center=57.22982,-5.02995&zoom=15&basemap=satellite",0.504,2.99,2.74
810,(unnamed),Scotland,,13175,430.4,193,58.29225,-3.83486,https://tarns.netlify.app/?id=810,"https://www.google.com/maps/@?api=1&map_action=map&center=58.29225,-3.83486&zoom=15&basemap=satellite",0.522,1.36,1.32
811,(unnamed),Scotland,lake,14756,430.3,308,58.2399,-4.60742,https://tarns.netlify.app/?id=811,"https://www.google.com/maps/@?api=1&map_action=map&center=58.2399,-4.60742&zoom=15&basemap=satellite",0.57,3.67,1.48
812,(unnamed),Scotland,,10677,430.1,156,58.30788,-4.96978,https://tarns.netlify.app/?id=812,"https://www.google.com/maps/@?api=1&map_action=map&center=58.30788,-4.96978&zoom=15&basemap=satellite",0.701,1.4,1.07
813,Llyn Hir,Wales,lake,49411,430.1,702,52.29307,-3.77686,https://tarns.netlify.app/?id=813,"https://www.google.com/maps/@?api=1&map_action=map&center=52.29307,-3.77686&zoom=15&basemap=satellite",0.599,5.97,4.94
814,Llyn Cors y Barcud,Wales,lake,6128,429.7,131,52.93826,-3.84495,https://tarns.netlify.app/?id=814,"https://www.google.com/maps/@?api=1&map_action=map&center=52.93826,-3.84495&zoom=15&basemap=satellite",0.661,1.77,0.61
815,(unnamed),Scotland,,15409,429.7,236,57.48556,-5.76644,https://tarns.netlify.app/?id=815,"https://www.google.com/maps/@?api=1&map_action=map&center=57.48556,-5.76644&zoom=15&basemap=satellite",0.663,2.18,1.54
816,(unnamed),Scotland,,23770,429.6,212,58.24586,-4.94158,https://tarns.netlify.app/?id=816,"https://www.google.com/maps/@?api=1&map_action=map&center=58.24586,-4.94158&zoom=15&basemap=satellite",0.751,1.26,2.38
817,(unnamed),Scotland,lake,12808,429.5,184,55.88028,-6.00243,https://tarns.netlify.app/?id=817,"https://www.google.com/maps/@?api=1&map_action=map&center=55.88028,-6.00243&zoom=15&basemap=satellite",0.683,1.66,1.28
818,(unnamed),Scotland,,10096,429.4,183,57.7809,-5.1026,https://tarns.netlify.app/?id=818,"https://www.google.com/maps/@?api=1&map_action=map&center=57.7809,-5.1026&zoom=15&basemap=satellite",0.569,1.4,1.01
819,(unnamed),Scotland,,11841,429.0,201,57.25867,-6.40684,https://tarns.netlify.app/?id=819,"https://www.google.com/maps/@?api=1&map_action=map&center=57.25867,-6.40684&zoom=15&basemap=satellite",0.61,2.0,1.18
820,Little Loch Skiach,Scotland,,104220,428.9,540,56.60132,-3.70491,https://tarns.netlify.app/?id=820,"https://www.google.com/maps/@?api=1&map_action=map&center=56.60132,-3.70491&zoom=15&basemap=satellite",0.65,1.6,10.42
821,Loch Mhuilich,Scotland,,153433,428.9,779,57.43879,-5.12518,https://tarns.netlify.app/?id=821,"https://www.google.com/maps/@?api=1&map_action=map&center=57.43879,-5.12518&zoom=15&basemap=satellite",0.685,2.71,15.34
822,Llyn Llydaw,Wales,lake,431733,428.8,1399,53.06802,-4.0491,https://tarns.netlify.app/?id=822,"https://www.google.com/maps/@?api=1&map_action=map&center=53.06802,-4.0491&zoom=15&basemap=satellite",0.589,2.64,43.17
823,(unnamed),Wales,,8319,428.8,185,52.28695,-3.78664,https://tarns.netlify.app/?id=823,"https://www.google.com/maps/@?api=1&map_action=map&center=52.28695,-3.78664&zoom=15&basemap=satellite",0.539,2.21,0.83
824,(unnamed),Scotland,lake,19117,428.8,234,57.51134,-4.76414,https://tarns.netlify.app/?id=824,"https://www.google.com/maps/@?api=1&map_action=map&center=57.51134,-4.76414&zoom=15&basemap=satellite",0.704,1.94,1.91
825,(unnamed),Scotland,,12032,428.6,177,57.65139,-5.27246,https://tarns.netlify.app/?id=825,"https://www.google.com/maps/@?api=1&map_action=map&center=57.65139,-5.27246&zoom=15&basemap=satellite",0.498,1.05,1.2
826,(unnamed),Scotland,pond,6498,428.4,211,58.24359,-4.60785,https://tarns.netlify.app/?id=826,"https://www.google.com/maps/@?api=1&map_action=map&center=58.24359,-4.60785&zoom=15&basemap=satellite",0.438,2.95,0.65
827,(unnamed),Scotland,,12872,428.3,171,57.7568,-5.15196,https://tarns.netlify.app/?id=827,"https://www.google.com/maps/@?api=1&map_action=map&center=57.7568,-5.15196&zoom=15&basemap=satellite",0.672,1.37,1.29
828,(unnamed),Scotland,,14639,428.0,196,56.89001,-4.40397,https://tarns.netlify.app/?id=828,"https://www.google.com/maps/@?api=1&map_action=map&center=56.89001,-4.40397&zoom=15&basemap=satellite",0.701,1.81,1.46
829,Loch Skiach,Scotland,,382322,428.0,1160,56.60848,-3.71055,https://tarns.netlify.app/?id=829,"https://www.google.com/maps/@?api=1&map_action=map&center=56.60848,-3.71055&zoom=15&basemap=satellite",0.497,1.59,38.23
830,Loch na Feannaig,Scotland,lake,13616,428.0,233,57.24418,-4.65941,https://tarns.netlify.app/?id=830,"https://www.google.com/maps/@?api=1&map_action=map&center=57.24418,-4.65941&zoom=15&basemap=satellite",0.512,1.7,1.36
831,Loch a' Bhànain,Scotland,,77599,427.9,523,56.99416,-4.58667,https://tarns.netlify.app/?id=831,"https://www.google.com/maps/@?api=1&map_action=map&center=56.99416,-4.58667&zoom=15&basemap=satellite",0.593,2.06,7.76
832,(unnamed),Scotland,,9738,427.9,247,56.22887,-5.19768,https://tarns.netlify.app/?id=832,"https://www.google.com/maps/@?api=1&map_action=map&center=56.22887,-5.19768&zoom=15&basemap=satellite",0.521,3.26,0.97
833,(unnamed),Scotland,,17949,427.9,197,58.01286,-5.20761,https://tarns.netlify.app/?id=833,"https://www.google.com/maps/@?api=1&map_action=map&center=58.01286,-5.20761&zoom=15&basemap=satellite",0.748,1.62,1.79
834,(unnamed),Scotland,pond,7836,427.8,169,57.88576,-5.00922,https://tarns.netlify.app/?id=834,"https://www.google.com/maps/@?api=1&map_action=map&center=57.88576,-5.00922&zoom=15&basemap=satellite",0.623,2.18,0.78
835,(unnamed),Scotland,lake,13398,427.6,249,56.27959,-5.16483,https://tarns.netlify.app/?id=835,"https://www.google.com/maps/@?api=1&map_action=map&center=56.27959,-5.16483&zoom=15&basemap=satellite",0.674,3.11,1.34
836,(unnamed),Scotland,,9908,427.5,169,58.26445,-4.89892,https://tarns.netlify.app/?id=836,"https://www.google.com/maps/@?api=1&map_action=map&center=58.26445,-4.89892&zoom=15&basemap=satellite",0.587,1.56,0.99
837,Loch a' Chinn Ghairbh,Scotland,,27603,427.1,335,56.0517,-5.86873,https://tarns.netlify.app/?id=837,"https://www.google.com/maps/@?api=1&map_action=map&center=56.0517,-5.86873&zoom=15&basemap=satellite",0.58,2.09,2.76
838,Loch an t Sionnaich,Scotland,,25171,427.1,264,57.25846,-4.60013,https://tarns.netlify.app/?id=838,"https://www.google.com/maps/@?api=1&map_action=map&center=57.25846,-4.60013&zoom=15&basemap=satellite",0.609,1.68,2.52
839,(unnamed),Scotland,,7821,427.0,165,57.13226,-5.50342,https://tarns.netlify.app/?id=839,"https://www.google.com/maps/@?api=1&map_action=map&center=57.13226,-5.50342&zoom=15&basemap=satellite",0.722,2.48,0.78
840,(unnamed),Scotland,,7276,426.5,130,57.75821,-5.15295,https://tarns.netlify.app/?id=840,"https://www.google.com/maps/@?api=1&map_action=map&center=57.75821,-5.15295&zoom=15&basemap=satellite",0.749,1.08,0.73
841,(unnamed),Scotland,pond,6128,426.4,152,57.88804,-5.00585,https://tarns.netlify.app/?id=841,"https://www.google.com/maps/@?api=1&map_action=map&center=57.88804,-5.00585&zoom=15&basemap=satellite",0.478,1.04,0.61
842,(unnamed),Scotland,,6298,426.2,149,57.75707,-5.15587,https://tarns.netlify.app/?id=842,"https://www.google.com/maps/@?api=1&map_action=map&center=57.75707,-5.15587&zoom=15&basemap=satellite",0.687,2.2,0.63
843,(unnamed),Scotland,,19641,426.0,285,58.24755,-4.93751,https://tarns.netlify.app/?id=843,"https://www.google.com/maps/@?api=1&map_action=map&center=58.24755,-4.93751&zoom=15&basemap=satellite",0.491,2.02,1.96
844,Lochan Bealach Cornaidh,Scotland,,70325,425.9,457,58.20564,-5.05016,https://tarns.netlify.app/?id=844,"https://www.google.com/maps/@?api=1&map_action=map&center=58.20564,-5.05016&zoom=15&basemap=satellite",0.751,1.94,7.03
845,(unnamed),Scotland,,22839,425.6,254,58.37874,-4.76685,https://tarns.netlify.app/?id=845,"https://www.google.com/maps/@?api=1&map_action=map&center=58.37874,-4.76685&zoom=15&basemap=satellite",0.655,1.56,2.28
846,Loch an t-Seilich,Scotland,,1089360,425.5,2734,56.95278,-4.04348,https://tarns.netlify.app/?id=846,"https://www.google.com/maps/@?api=1&map_action=map&center=56.95278,-4.04348&zoom=15&basemap=satellite",0.587,4.02,108.94
847,(unnamed),Scotland,lake,15101,425.5,222,56.8875,-5.52093,https://tarns.netlify.app/?id=847,"https://www.google.com/maps/@?api=1&map_action=map&center=56.8875,-5.52093&zoom=15&basemap=satellite",0.581,1.76,1.51
848,(unnamed),Scotland,,8211,425.0,163,56.03249,-5.87528,https://tarns.netlify.app/?id=848,"https://www.google.com/maps/@?api=1&map_action=map&center=56.03249,-5.87528&zoom=15&basemap=satellite",0.577,1.4,0.82
849,Loch Scalabsdale,Scotland,,43301,424.6,365,58.19622,-3.76564,https://tarns.netlify.app/?id=849,"https://www.google.com/maps/@?api=1&map_action=map&center=58.19622,-3.76564&zoom=15&basemap=satellite",0.699,2.1,4.33
850,Llyn Hesgyn,Wales,,31005,424.4,276,52.98402,-3.66231,https://tarns.netlify.app/?id=850,"https://www.google.com/maps/@?api=1&map_action=map&center=52.98402,-3.66231&zoom=15&basemap=satellite",0.686,1.15,3.1
851,(unnamed),Scotland,,8871,424.1,155,57.80014,-5.12771,https://tarns.netlify.app/?id=851,"https://www.google.com/maps/@?api=1&map_action=map&center=57.80014,-5.12771&zoom=15&basemap=satellite",0.675,1.79,0.89
852,Loch a' Chaorainn,Scotland,,343094,423.8,1193,57.77429,-4.57937,https://tarns.netlify.app/?id=852,"https://www.google.com/maps/@?api=1&map_action=map&center=57.77429,-4.57937&zoom=15&basemap=satellite",0.522,2.0,34.31
853,Hayeswater,England,,168406,423.7,964,54.50174,-2.87964,https://tarns.netlify.app/?id=853,"https://www.google.com/maps/@?api=1&map_action=map&center=54.50174,-2.87964&zoom=15&basemap=satellite",0.631,3.38,16.84
854,Lochan Oisinneach Mor,Scotland,,240919,423.5,789,56.67517,-3.58381,https://tarns.netlify.app/?id=854,"https://www.google.com/maps/@?api=1&map_action=map&center=56.67517,-3.58381&zoom=15&basemap=satellite",0.589,1.16,24.09
855,Llyn Conach,Wales,,72931,423.4,660,52.52165,-3.85812,https://tarns.netlify.app/?id=855,"https://www.google.com/maps/@?api=1&map_action=map&center=52.52165,-3.85812&zoom=15&basemap=satellite",0.621,3.65,7.29
856,Lochan na Càrr,Scotland,,12981,423.3,194,56.7332,-3.97588,https://tarns.netlify.app/?id=856,"https://www.google.com/maps/@?api=1&map_action=map&center=56.7332,-3.97588&zoom=15&basemap=satellite",0.674,1.94,1.3
857,Llyn y Gwaith,Wales,,48662,423.2,521,52.13818,-3.94243,https://tarns.netlify.app/?id=857,"https://www.google.com/maps/@?api=1&map_action=map&center=52.13818,-3.94243&zoom=15&basemap=satellite",0.812,4.52,4.87
858,Loch Pattack,Scotland,lake,681236,422.6,1531,56.87912,-4.39981,https://tarns.netlify.app/?id=858,"https://www.google.com/maps/@?api=1&map_action=map&center=56.87912,-4.39981&zoom=15&basemap=satellite",0.579,1.93,68.12
859,Loch Mhoicean,Scotland,,198694,422.4,1101,57.33327,-5.20293,https://tarns.netlify.app/?id=859,"https://www.google.com/maps/@?api=1&map_action=map&center=57.33327,-5.20293&zoom=15&basemap=satellite",0.598,3.64,19.87
860,(unnamed),Scotland,,20268,422.4,267,56.92288,-5.71416,https://tarns.netlify.app/?id=860,"https://www.google.com/maps/@?api=1&map_action=map&center=56.92288,-5.71416&zoom=15&basemap=satellite",0.65,2.24,2.03
861,(unnamed),Scotland,,21808,422.1,259,56.97016,-5.59238,https://tarns.netlify.app/?id=861,"https://www.google.com/maps/@?api=1&map_action=map&center=56.97016,-5.59238&zoom=15&basemap=satellite",0.623,1.72,2.18
862,Llyn Gynon,Wales,lake,248305,421.6,826,52.26678,-3.76061,https://tarns.netlify.app/?id=862,"https://www.google.com/maps/@?api=1&map_action=map&center=52.26678,-3.76061&zoom=15&basemap=satellite",0.608,1.2,24.83
863,(unnamed),Scotland,,60601,421.5,415,57.76271,-5.18688,https://tarns.netlify.app/?id=863,"https://www.google.com/maps/@?api=1&map_action=map&center=57.76271,-5.18688&zoom=15&basemap=satellite",0.672,1.86,6.06
864,(unnamed),Scotland,,20796,421.2,325,56.48757,-5.21699,https://tarns.netlify.app/?id=864,"https://www.google.com/maps/@?api=1&map_action=map&center=56.48757,-5.21699&zoom=15&basemap=satellite",0.606,3.07,2.08
865,(unnamed),Scotland,pond,5442,421.2,145,58.12969,-5.03231,https://tarns.netlify.app/?id=865,"https://www.google.com/maps/@?api=1&map_action=map&center=58.12969,-5.03231&zoom=15&basemap=satellite",0.508,1.68,0.54
866,(unnamed),Scotland,pond,48510,420.6,399,57.259,-4.93764,https://tarns.netlify.app/?id=866,"https://www.google.com/maps/@?api=1&map_action=map&center=57.259,-4.93764&zoom=15&basemap=satellite",0.685,2.25,4.85
867,Llyn Egnant,Wales,lake,176710,420.5,861,52.2892,-3.77185,https://tarns.netlify.app/?id=867,"https://www.google.com/maps/@?api=1&map_action=map&center=52.2892,-3.77185&zoom=15&basemap=satellite",0.624,2.6,17.67
868,Loch Cruinn,Scotland,,18276,420.5,227,56.78592,-4.14171,https://tarns.netlify.app/?id=868,"https://www.google.com/maps/@?api=1&map_action=map&center=56.78592,-4.14171&zoom=15&basemap=satellite",0.699,1.24,1.83
869,(unnamed),Scotland,,9609,419.9,173,56.22811,-5.21197,https://tarns.netlify.app/?id=869,"https://www.google.com/maps/@?api=1&map_action=map&center=56.22811,-5.21197&zoom=15&basemap=satellite",0.731,2.28,0.96
870,(unnamed),Scotland,,5874,419.8,131,58.4068,-4.44799,https://tarns.netlify.app/?id=870,"https://www.google.com/maps/@?api=1&map_action=map&center=58.4068,-4.44799&zoom=15&basemap=satellite",0.688,2.02,0.59
871,Llyn Tarw,Wales,,62982,419.8,627,52.56585,-3.44686,https://tarns.netlify.app/?id=871,"https://www.google.com/maps/@?api=1&map_action=map&center=52.56585,-3.44686&zoom=15&basemap=satellite",0.624,3.81,6.3
872,Llyn Conglog Bach,Wales,lake,10685,419.7,187,52.92931,-3.84979,https://tarns.netlify.app/?id=872,"https://www.google.com/maps/@?api=1&map_action=map&center=52.92931,-3.84979&zoom=15&basemap=satellite",0.586,1.77,1.07
873,Lochan na Creige,Scotland,lake,25245,419.7,327,56.78781,-5.67015,https://tarns.netlify.app/?id=873,"https://www.google.com/maps/@?api=1&map_action=map&center=56.78781,-5.67015&zoom=15&basemap=satellite",0.422,1.4,2.52
874,(unnamed),Scotland,,6123,419.6,132,55.85797,-5.55378,https://tarns.netlify.app/?id=874,"https://www.google.com/maps/@?api=1&map_action=map&center=55.85797,-5.55378&zoom=15&basemap=satellite",0.775,2.14,0.61
875,(unnamed),Scotland,,5394,419.6,127,56.93187,-5.75744,https://tarns.netlify.app/?id=875,"https://www.google.com/maps/@?api=1&map_action=map&center=56.93187,-5.75744&zoom=15&basemap=satellite",0.584,1.39,0.54
876,(unnamed),Scotland,,15048,419.4,191,57.77661,-5.08839,https://tarns.netlify.app/?id=876,"https://www.google.com/maps/@?api=1&map_action=map&center=57.77661,-5.08839&zoom=15&basemap=satellite",0.748,1.72,1.5
877,Llyn Conglog Mawr,Wales,,34033,419.3,271,52.93159,-3.84771,https://tarns.netlify.app/?id=877,"https://www.google.com/maps/@?api=1&map_action=map&center=52.93159,-3.84771&zoom=15&basemap=satellite",0.739,1.39,3.4
878,Loch a' Bhreac-bheinne,Scotland,lake,7050,419.3,168,57.92205,-4.53653,https://tarns.netlify.app/?id=878,"https://www.google.com/maps/@?api=1&map_action=map&center=57.92205,-4.53653&zoom=15&basemap=satellite",0.688,2.76,0.7
879,(unnamed),Scotland,pond,7060,419.2,184,57.9325,-5.05864,https://tarns.netlify.app/?id=879,"https://www.google.com/maps/@?api=1&map_action=map&center=57.9325,-5.05864&zoom=15&basemap=satellite",0.503,2.4,0.71
880,LLyn Dwfn,Wales,,12256,419.1,171,52.51692,-3.8598,https://tarns.netlify.app/?id=880,"https://www.google.com/maps/@?api=1&map_action=map&center=52.51692,-3.8598&zoom=15&basemap=satellite",0.736,1.66,1.23
881,(unnamed),Scotland,,8708,419.1,142,57.25393,-6.40031,https://tarns.netlify.app/?id=881,"https://www.google.com/maps/@?api=1&map_action=map&center=57.25393,-6.40031&zoom=15&basemap=satellite",0.626,1.01,0.87
882,Llyn Foel-Dinas,Wales,,7441,419.1,134,52.71609,-3.70348,https://tarns.netlify.app/?id=882,"https://www.google.com/maps/@?api=1&map_action=map&center=52.71609,-3.70348&zoom=15&basemap=satellite",0.649,1.27,0.74
883,(unnamed),Scotland,,16000,419.1,182,58.2259,-4.91016,https://tarns.netlify.app/?id=883,"https://www.google.com/maps/@?api=1&map_action=map&center=58.2259,-4.91016&zoom=15&basemap=satellite",0.718,1.24,1.6
884,Loch a' Choire Leith,Scotland,,18675,419.0,205,57.57819,-4.80645,https://tarns.netlify.app/?id=884,"https://www.google.com/maps/@?api=1&map_action=map&center=57.57819,-4.80645&zoom=15&basemap=satellite",0.716,1.24,1.87
885,Loch na Ciche,Scotland,,27682,418.8,339,58.00226,-5.02358,https://tarns.netlify.app/?id=885,"https://www.google.com/maps/@?api=1&map_action=map&center=58.00226,-5.02358&zoom=15&basemap=satellite",0.504,2.07,2.77
886,(unnamed),Scotland,,16145,418.6,194,58.00414,-5.01956,https://tarns.netlify.app/?id=886,"https://www.google.com/maps/@?api=1&map_action=map&center=58.00414,-5.01956&zoom=15&basemap=satellite",0.683,1.47,1.61
887,Llynnau Cerrig-y-myllt,Wales,lake,22017,418.5,328,53.00487,-4.03956,https://tarns.netlify.app/?id=887,"https://www.google.com/maps/@?api=1&map_action=map&center=53.00487,-4.03956&zoom=15&basemap=satellite",0.346,1.42,2.2
888,(unnamed),Scotland,,16709,418.1,248,56.29946,-5.17841,https://tarns.netlify.app/?id=888,"https://www.google.com/maps/@?api=1&map_action=map&center=56.29946,-5.17841&zoom=15&basemap=satellite",0.61,2.2,1.67
889,(unnamed),Scotland,pond,5902,417.9,181,57.92728,-5.03169,https://tarns.netlify.app/?id=889,"https://www.google.com/maps/@?api=1&map_action=map&center=57.92728,-5.03169&zoom=15&basemap=satellite",0.515,2.67,0.59
890,(unnamed),Scotland,,48320,417.7,490,58.12864,-5.03418,https://tarns.netlify.app/?id=890,"https://www.google.com/maps/@?api=1&map_action=map&center=58.12864,-5.03418&zoom=15&basemap=satellite",0.524,2.58,4.83
891,Lochain Ceann na Moine,Scotland,,21187,417.4,793,57.65595,-5.1956,https://tarns.netlify.app/?id=891,"https://www.google.com/maps/@?api=1&map_action=map&center=57.65595,-5.1956&zoom=15&basemap=satellite",0.057,1.61,2.12
892,Loch Con,Scotland,,291994,417.4,1437,56.78405,-4.15007,https://tarns.netlify.app/?id=892,"https://www.google.com/maps/@?api=1&map_action=map&center=56.78405,-4.15007&zoom=15&basemap=satellite",0.434,3.01,29.2
893,Loch a' Ghobha-Dhuibh,Scotland,,413360,417.3,942,58.40953,-4.57405,https://tarns.netlify.app/?id=893,"https://www.google.com/maps/@?api=1&map_action=map&center=58.40953,-4.57405&zoom=15&basemap=satellite",0.719,1.52,41.34
894,(unnamed),Scotland,,14235,417.2,176,57.11045,-4.96865,https://tarns.netlify.app/?id=894,"https://www.google.com/maps/@?api=1&map_action=map&center=57.11045,-4.96865&zoom=15&basemap=satellite",0.605,1.12,1.42
895,(unnamed),Wales,,6570,416.9,250,53.14307,-4.09124,https://tarns.netlify.app/?id=895,"https://www.google.com/maps/@?api=1&map_action=map&center=53.14307,-4.09124&zoom=15&basemap=satellite",0.222,2.1,0.66
896,Lochan na Craoibhe,Scotland,,7763,416.8,151,57.00185,-5.4984,https://tarns.netlify.app/?id=896,"https://www.google.com/maps/@?api=1&map_action=map&center=57.00185,-5.4984&zoom=15&basemap=satellite",0.722,2.05,0.78
897,(unnamed),Scotland,,45257,416.8,314,58.22905,-4.90599,https://tarns.netlify.app/?id=897,"https://www.google.com/maps/@?api=1&map_action=map&center=58.22905,-4.90599&zoom=15&basemap=satellite",0.682,1.16,4.53
898,(unnamed),Scotland,,5833,416.7,104,56.25446,-5.178,https://tarns.netlify.app/?id=898,"https://www.google.com/maps/@?api=1&map_action=map&center=56.25446,-5.178&zoom=15&basemap=satellite",0.657,1.02,0.58
899,Loch Ille Mhor,Scotland,,63703,416.2,377,57.36591,-3.77255,https://tarns.netlify.app/?id=899,"https://www.google.com/maps/@?api=1&map_action=map&center=57.36591,-3.77255&zoom=15&basemap=satellite",0.68,1.36,6.37
900,Carlochy,Scotland,lake,38729,416.2,285,56.89746,-2.99314,https://tarns.netlify.app/?id=900,"https://www.google.com/maps/@?api=1&map_action=map&center=56.89746,-2.99314&zoom=15&basemap=satellite",0.719,1.47,3.87
901,Loch Coire an Ruadh-staic,Scotland,lake,119394,415.8,522,57.48291,-5.4706,https://tarns.netlify.app/?id=901,"https://www.google.com/maps/@?api=1&map_action=map&center=57.48291,-5.4706&zoom=15&basemap=satellite",0.653,1.43,11.94
902,(unnamed),Scotland,,17927,415.8,233,57.62978,-5.30132,https://tarns.netlify.app/?id=902,"https://www.google.com/maps/@?api=1&map_action=map&center=57.62978,-5.30132&zoom=15&basemap=satellite",0.619,1.67,1.79
903,(unnamed),Scotland,,16552,415.8,240,57.63134,-5.30024,https://tarns.netlify.app/?id=903,"https://www.google.com/maps/@?api=1&map_action=map&center=57.63134,-5.30024&zoom=15&basemap=satellite",0.495,1.43,1.66
904,Loch an Turaraich,Scotland,,14538,415.7,216,57.48286,-5.53084,https://tarns.netlify.app/?id=904,"https://www.google.com/maps/@?api=1&map_action=map&center=57.48286,-5.53084&zoom=15&basemap=satellite",0.56,1.8,1.45
905,(unnamed),Scotland,,84511,415.7,1403,56.78192,-4.25508,https://tarns.netlify.app/?id=905,"https://www.google.com/maps/@?api=1&map_action=map&center=56.78192,-4.25508&zoom=15&basemap=satellite",0.117,2.71,8.45
906,(unnamed),Scotland,,5058,415.7,505,57.59842,-5.41293,https://tarns.netlify.app/?id=906,"https://www.google.com/maps/@?api=1&map_action=map&center=57.59842,-5.41293&zoom=15&basemap=satellite",0.088,4.42,0.51
907,Lochan Duin,Scotland,,18397,415.5,222,56.35857,-4.72893,https://tarns.netlify.app/?id=907,"https://www.google.com/maps/@?api=1&map_action=map&center=56.35857,-4.72893&zoom=15&basemap=satellite",0.697,1.86,1.84
908,Tarn Dub,England,,5143,415.3,183,54.65328,-2.22819,https://tarns.netlify.app/?id=908,"https://www.google.com/maps/@?api=1&map_action=map&center=54.65328,-2.22819&zoom=15&basemap=satellite",0.462,2.86,0.51
909,Coity Pond,Wales,,21674,415.2,475,51.77474,-3.1131,https://tarns.netlify.app/?id=909,"https://www.google.com/maps/@?api=1&map_action=map&center=51.77474,-3.1131&zoom=15&basemap=satellite",0.82,8.53,2.17
910,Loch a' Gharbh-chorie,Scotland,lake,29060,415.1,348,57.17997,-3.63491,https://tarns.netlify.app/?id=910,"https://www.google.com/maps/@?api=1&map_action=map&center=57.17997,-3.63491&zoom=15&basemap=satellite",0.372,1.48,2.91
911,Cochran's Dam,England,,7700,415.0,177,54.72588,-2.17109,https://tarns.netlify.app/?id=911,"https://www.google.com/maps/@?api=1&map_action=map&center=54.72588,-2.17109&zoom=15&basemap=satellite",0.856,3.46,0.77
912,Loch Tinker,Scotland,,123091,414.8,734,56.22776,-4.50847,https://tarns.netlify.app/?id=912,"https://www.google.com/maps/@?api=1&map_action=map&center=56.22776,-4.50847&zoom=15&basemap=satellite",0.499,2.07,12.31
913,(unnamed),Scotland,,12057,414.6,488,56.83313,-4.23113,https://tarns.netlify.app/?id=913,"https://www.google.com/maps/@?api=1&map_action=map&center=56.83313,-4.23113&zoom=15&basemap=satellite",0.205,4.04,1.21
914,Loch nan Clachan Dubha,Scotland,lake,37667,414.4,446,57.52015,-4.74493,https://tarns.netlify.app/?id=914,"https://www.google.com/maps/@?api=1&map_action=map&center=57.52015,-4.74493&zoom=15&basemap=satellite",0.603,3.17,3.77
915,(unnamed),Scotland,,5773,414.4,134,57.65742,-5.19519,https://tarns.netlify.app/?id=915,"https://www.google.com/maps/@?api=1&map_action=map&center=57.65742,-5.19519&zoom=15&basemap=satellite",0.656,1.93,0.58
916,Lochan Fada,Scotland,,74821,414.2,679,57.76933,-5.18226,https://tarns.netlify.app/?id=916,"https://www.google.com/maps/@?api=1&map_action=map&center=57.76933,-5.18226&zoom=15&basemap=satellite",0.536,3.17,7.48
917,(unnamed),Scotland,,11730,414.0,323,56.82735,-4.22793,https://tarns.netlify.app/?id=917,"https://www.google.com/maps/@?api=1&map_action=map&center=56.82735,-4.22793&zoom=15&basemap=satellite",0.427,3.79,1.17
918,(unnamed),Scotland,,18783,414.0,280,56.83078,-4.23109,https://tarns.netlify.app/?id=918,"https://www.google.com/maps/@?api=1&map_action=map&center=56.83078,-4.23109&zoom=15&basemap=satellite",0.421,1.37,1.88
919,Gorm Loch Mor,Scotland,,277424,413.9,1179,57.71168,-5.35463,https://tarns.netlify.app/?id=919,"https://www.google.com/maps/@?api=1&map_action=map&center=57.71168,-5.35463&zoom=15&basemap=satellite",0.604,3.01,27.74
920,(unnamed),Scotland,,7636,413.9,216,56.60891,-5.32473,https://tarns.netlify.app/?id=920,"https://www.google.com/maps/@?api=1&map_action=map&center=56.60891,-5.32473&zoom=15&basemap=satellite",0.607,3.63,0.76
921,(unnamed),Scotland,,17368,413.8,259,57.78919,-5.12012,https://tarns.netlify.app/?id=921,"https://www.google.com/maps/@?api=1&map_action=map&center=57.78919,-5.12012&zoom=15&basemap=satellite",0.599,2.02,1.74
922,(unnamed),Scotland,,6340,413.6,113,57.79797,-5.17902,https://tarns.netlify.app/?id=922,"https://www.google.com/maps/@?api=1&map_action=map&center=57.79797,-5.17902&zoom=15&basemap=satellite",0.743,1.34,0.63
923,(unnamed),Scotland,pond,6508,413.5,162,57.88042,-5.05784,https://tarns.netlify.app/?id=923,"https://www.google.com/maps/@?api=1&map_action=map&center=57.88042,-5.05784&zoom=15&basemap=satellite",0.72,2.75,0.65
924,(unnamed),Scotland,pond,6787,413.5,197,57.88066,-5.06066,https://tarns.netlify.app/?id=924,"https://www.google.com/maps/@?api=1&map_action=map&center=57.88066,-5.06066&zoom=15&basemap=satellite",0.593,3.28,0.68
925,Loch Crannach,Scotland,,64053,413.2,333,56.78903,-3.54716,https://tarns.netlify.app/?id=925,"https://www.google.com/maps/@?api=1&map_action=map&center=56.78903,-3.54716&zoom=15&basemap=satellite",0.777,1.11,6.41
926,(unnamed),Scotland,,11367,412.6,152,57.18581,-3.60417,https://tarns.netlify.app/?id=926,"https://www.google.com/maps/@?api=1&map_action=map&center=57.18581,-3.60417&zoom=15&basemap=satellite",0.805,1.63,1.14
927,Llyn y Gafr,Wales,,26996,412.5,272,52.70944,-3.90993,https://tarns.netlify.app/?id=927,"https://www.google.com/maps/@?api=1&map_action=map&center=52.70944,-3.90993&zoom=15&basemap=satellite",0.669,1.06,2.7
928,Llyn Penrhaeadr,Wales,,71763,412.4,516,52.52262,-3.83951,https://tarns.netlify.app/?id=928,"https://www.google.com/maps/@?api=1&map_action=map&center=52.52262,-3.83951&zoom=15&basemap=satellite",0.632,2.34,7.18
929,(unnamed),Scotland,pond,11908,412.4,251,57.93657,-5.05274,https://tarns.netlify.app/?id=929,"https://www.google.com/maps/@?api=1&map_action=map&center=57.93657,-5.05274&zoom=15&basemap=satellite",0.604,3.17,1.19
930,Llyn Crych-y-waen,Wales,,5841,412.3,111,52.84815,-3.76296,https://tarns.netlify.app/?id=930,"https://www.google.com/maps/@?api=1&map_action=map&center=52.84815,-3.76296&zoom=15&basemap=satellite",0.649,1.25,0.58
931,Loch Curran,Scotland,,32287,412.2,253,56.72524,-3.55851,https://tarns.netlify.app/?id=931,"https://www.google.com/maps/@?api=1&map_action=map&center=56.72524,-3.55851&zoom=15&basemap=satellite",0.737,1.02,3.23
932,Pwll Rhyd-y-porthmyn,Wales,,11368,412.2,192,52.53133,-3.69971,https://tarns.netlify.app/?id=932,"https://www.google.com/maps/@?api=1&map_action=map&center=52.53133,-3.69971&zoom=15&basemap=satellite",0.567,1.51,1.14
933,(unnamed),Scotland,,18754,412.2,290,57.88167,-5.06109,https://tarns.netlify.app/?id=933,"https://www.google.com/maps/@?api=1&map_action=map&center=57.88167,-5.06109&zoom=15&basemap=satellite",0.523,2.34,1.88
934,Llyn Login,Wales,,11249,412.2,137,52.08581,-3.44918,https://tarns.netlify.app/?id=934,"https://www.google.com/maps/@?api=1&map_action=map&center=52.08581,-3.44918&zoom=15&basemap=satellite",0.793,1.16,1.12
935,Llyn Gwyddior,Wales,,133181,412.2,531,52.65389,-3.57578,https://tarns.netlify.app/?id=935,"https://www.google.com/maps/@?api=1&map_action=map&center=52.65389,-3.57578&zoom=15&basemap=satellite",0.748,1.47,13.32
936,(unnamed),Wales,,5410,412.1,112,52.96414,-3.85783,https://tarns.netlify.app/?id=936,"https://www.google.com/maps/@?api=1&map_action=map&center=52.96414,-3.85783&zoom=15&basemap=satellite",0.662,1.48,0.54
937,(unnamed),Wales,,7864,412.0,141,52.4743,-3.86427,https://tarns.netlify.app/?id=937,"https://www.google.com/maps/@?api=1&map_action=map&center=52.4743,-3.86427&zoom=15&basemap=satellite",0.846,2.04,0.79
938,Loch nan Cat,Scotland,pond,17434,411.9,214,57.2901,-4.56874,https://tarns.netlify.app/?id=938,"https://www.google.com/maps/@?api=1&map_action=map&center=57.2901,-4.56874&zoom=15&basemap=satellite",0.712,1.01,1.74
939,(unnamed),Scotland,,7615,411.8,197,56.78817,-4.25479,https://tarns.netlify.app/?id=939,"https://www.google.com/maps/@?api=1&map_action=map&center=56.78817,-4.25479&zoom=15&basemap=satellite",0.375,1.92,0.76
940,Loch Garry,Scotland,,1560697,411.8,4429,56.80368,-4.2453,https://tarns.netlify.app/?id=940,"https://www.google.com/maps/@?api=1&map_action=map&center=56.80368,-4.2453&zoom=15&basemap=satellite",0.44,5.53,156.07
941,Lochan na Beinne,Scotland,,29240,411.7,303,56.61934,-3.57757,https://tarns.netlify.app/?id=941,"https://www.google.com/maps/@?api=1&map_action=map&center=56.61934,-3.57757&zoom=15&basemap=satellite",0.57,1.71,2.92
942,Pant y Llyn,Wales,,28429,411.5,302,52.10931,-3.40509,https://tarns.netlify.app/?id=942,"https://www.google.com/maps/@?api=1&map_action=map&center=52.10931,-3.40509&zoom=15&basemap=satellite",0.557,1.66,2.84
943,Levers Water,England,,147152,411.4,496,54.38409,-3.11127,https://tarns.netlify.app/?id=943,"https://www.google.com/maps/@?api=1&map_action=map&center=54.38409,-3.11127&zoom=15&basemap=satellite",0.826,1.01,14.72
944,(unnamed),Scotland,,5554,411.0,128,55.76862,-3.0518,https://tarns.netlify.app/?id=944,"https://www.google.com/maps/@?api=1&map_action=map&center=55.76862,-3.0518&zoom=15&basemap=satellite",0.575,1.35,0.56
945,(unnamed),Scotland,,7058,410.9,160,58.38246,-4.67236,https://tarns.netlify.app/?id=945,"https://www.google.com/maps/@?api=1&map_action=map&center=58.38246,-4.67236&zoom=15&basemap=satellite",0.714,2.47,0.71
946,(unnamed),Scotland,pond,8001,410.6,159,57.87967,-5.06763,https://tarns.netlify.app/?id=946,"https://www.google.com/maps/@?api=1&map_action=map&center=57.87967,-5.06763&zoom=15&basemap=satellite",0.653,1.9,0.8
947,(unnamed),Scotland,,8623,410.6,153,56.1707,-5.3114,https://tarns.netlify.app/?id=947,"https://www.google.com/maps/@?api=1&map_action=map&center=56.1707,-5.3114&zoom=15&basemap=satellite",0.631,1.55,0.86
948,(unnamed),Scotland,,5238,410.3,115,56.23334,-5.2021,https://tarns.netlify.app/?id=948,"https://www.google.com/maps/@?api=1&map_action=map&center=56.23334,-5.2021&zoom=15&basemap=satellite",0.738,1.85,0.52
949,Lochan Feith an Leothaid,Scotland,,7964,410.2,156,58.23283,-4.90161,https://tarns.netlify.app/?id=949,"https://www.google.com/maps/@?api=1&map_action=map&center=58.23283,-4.90161&zoom=15&basemap=satellite",0.524,1.13,0.8
950,(unnamed),Scotland,,69041,410.2,554,58.23322,-4.91315,https://tarns.netlify.app/?id=950,"https://www.google.com/maps/@?api=1&map_action=map&center=58.23322,-4.91315&zoom=15&basemap=satellite",0.436,1.88,6.9
951,(unnamed),Scotland,pond,10379,410.1,166,57.57666,-5.26021,https://tarns.netlify.app/?id=951,"https://www.google.com/maps/@?api=1&map_action=map&center=57.57666,-5.26021&zoom=15&basemap=satellite",0.578,1.15,1.04
952,(unnamed),Scotland,pond,42455,409.1,363,57.00949,-5.21059,https://tarns.netlify.app/?id=952,"https://www.google.com/maps/@?api=1&map_action=map&center=57.00949,-5.21059&zoom=15&basemap=satellite",0.642,1.8,4.25
953,(unnamed),Scotland,,6171,409.0,123,57.62961,-5.29588,https://tarns.netlify.app/?id=953,"https://www.google.com/maps/@?api=1&map_action=map&center=57.62961,-5.29588&zoom=15&basemap=satellite",0.581,1.38,0.62
954,Loch Dubh,Scotland,pond,33099,409.0,284,57.29012,-4.54081,https://tarns.netlify.app/?id=954,"https://www.google.com/maps/@?api=1&map_action=map&center=57.29012,-4.54081&zoom=15&basemap=satellite",0.691,1.67,3.31
955,(unnamed),Scotland,,9134,408.9,176,58.38241,-4.67027,https://tarns.netlify.app/?id=955,"https://www.google.com/maps/@?api=1&map_action=map&center=58.38241,-4.67027&zoom=15&basemap=satellite",0.727,2.47,0.91
956,Loch nan Eun,Scotland,pond,24201,408.9,322,57.29093,-4.57211,https://tarns.netlify.app/?id=956,"https://www.google.com/maps/@?api=1&map_action=map&center=57.29093,-4.57211&zoom=15&basemap=satellite",0.576,2.38,2.42
957,Lochan Long,Scotland,,108381,408.8,608,56.23959,-5.19366,https://tarns.netlify.app/?id=957,"https://www.google.com/maps/@?api=1&map_action=map&center=56.23959,-5.19366&zoom=15&basemap=satellite",0.516,1.66,10.84
958,(unnamed),Scotland,,14115,408.6,231,56.29656,-5.04493,https://tarns.netlify.app/?id=958,"https://www.google.com/maps/@?api=1&map_action=map&center=56.29656,-5.04493&zoom=15&basemap=satellite",0.706,2.48,1.41
959,(unnamed),Scotland,pond,5422,408.6,125,56.77473,-3.80594,https://tarns.netlify.app/?id=959,"https://www.google.com/maps/@?api=1&map_action=map&center=56.77473,-3.80594&zoom=15&basemap=satellite",0.623,1.76,0.54
960,(unnamed),Scotland,,7068,408.5,147,56.25491,-5.18244,https://tarns.netlify.app/?id=960,"https://www.google.com/maps/@?api=1&map_action=map&center=56.25491,-5.18244&zoom=15&basemap=satellite",0.606,1.27,0.71
961,(unnamed),Scotland,pond,5403,408.3,117,58.27759,-3.84943,https://tarns.netlify.app/?id=961,"https://www.google.com/maps/@?api=1&map_action=map&center=58.27759,-3.84943&zoom=15&basemap=satellite",0.692,1.74,0.54
962,Lochan Feith an Leothaid,Scotland,,89725,408.3,515,58.23408,-4.89323,https://tarns.netlify.app/?id=962,"https://www.google.com/maps/@?api=1&map_action=map&center=58.23408,-4.89323&zoom=15&basemap=satellite",0.635,1.66,8.97
963,Loch Coir' a' Bhric Beag,Scotland,,6752,408.2,119,56.76056,-4.68872,https://tarns.netlify.app/?id=963,"https://www.google.com/maps/@?api=1&map_action=map&center=56.76056,-4.68872&zoom=15&basemap=satellite",0.729,1.13,0.68
964,Loch Kennard,Scotland,,301057,408.1,971,56.59358,-3.78176,https://tarns.netlify.app/?id=964,"https://www.google.com/maps/@?api=1&map_action=map&center=56.59358,-3.78176&zoom=15&basemap=satellite",0.585,1.72,30.11
965,Loch Fhionnaich,Scotland,,43695,408.0,537,58.39911,-4.45485,https://tarns.netlify.app/?id=965,"https://www.google.com/maps/@?api=1&map_action=map&center=58.39911,-4.45485&zoom=15&basemap=satellite",0.653,4.31,4.37
966,(unnamed),Scotland,,5695,407.9,152,57.78683,-5.11954,https://tarns.netlify.app/?id=966,"https://www.google.com/maps/@?api=1&map_action=map&center=57.78683,-5.11954&zoom=15&basemap=satellite",0.733,2.84,0.57
967,Llyn Morwynion,Wales,,17933,407.8,226,52.85348,-3.99515,https://tarns.netlify.app/?id=967,"https://www.google.com/maps/@?api=1&map_action=map&center=52.85348,-3.99515&zoom=15&basemap=satellite",0.656,1.71,1.79
968,(unnamed),Scotland,,8505,407.6,182,56.60901,-5.32077,https://tarns.netlify.app/?id=968,"https://www.google.com/maps/@?api=1&map_action=map&center=56.60901,-5.32077&zoom=15&basemap=satellite",0.644,2.45,0.85
969,Llyn Teifi,Wales,lake,247275,407.5,1158,52.2924,-3.78556,https://tarns.netlify.app/?id=969,"https://www.google.com/maps/@?api=1&map_action=map&center=52.2924,-3.78556&zoom=15&basemap=satellite",0.414,2.21,24.73
970,Mires Pool,England,lake,5149,407.5,111,50.45511,-3.90657,https://tarns.netlify.app/?id=970,"https://www.google.com/maps/@?api=1&map_action=map&center=50.45511,-3.90657&zoom=15&basemap=satellite",0.674,1.54,0.51
971,(unnamed),Scotland,,12773,407.4,202,56.23696,-5.18383,https://tarns.netlify.app/?id=971,"https://www.google.com/maps/@?api=1&map_action=map&center=56.23696,-5.18383&zoom=15&basemap=satellite",0.694,1.97,1.28
972,Lochan Feith an Leothaid,Scotland,,76122,407.2,565,58.23324,-4.90868,https://tarns.netlify.app/?id=972,"https://www.google.com/maps/@?api=1&map_action=map&center=58.23324,-4.90868&zoom=15&basemap=satellite",0.584,2.41,7.61
973,(unnamed),England,,25216,407.0,347,52.3787,-2.59348,https://tarns.netlify.app/?id=973,"https://www.google.com/maps/@?api=1&map_action=map&center=52.3787,-2.59348&zoom=15&basemap=satellite",0.729,3.46,2.52
974,(unnamed),England,,20229,407.0,274,54.51931,-3.12336,https://tarns.netlify.app/?id=974,"https://www.google.com/maps/@?api=1&map_action=map&center=54.51931,-3.12336&zoom=15&basemap=satellite",0.581,2.07,2.02
975,(unnamed),Scotland,,8732,407.0,185,56.93349,-5.66758,https://tarns.netlify.app/?id=975,"https://www.google.com/maps/@?api=1&map_action=map&center=56.93349,-5.66758&zoom=15&basemap=satellite",0.754,2.96,0.87
976,(unnamed),Scotland,,41788,406.7,568,56.17081,-5.31439,https://tarns.netlify.app/?id=976,"https://www.google.com/maps/@?api=1&map_action=map&center=56.17081,-5.31439&zoom=15&basemap=satellite",0.51,3.84,4.18
977,Loch Beanie,Scotland,lake,175402,406.5,743,56.8018,-3.37649,https://tarns.netlify.app/?id=977,"https://www.google.com/maps/@?api=1&map_action=map&center=56.8018,-3.37649&zoom=15&basemap=satellite",0.727,2.29,17.54
978,(unnamed),Scotland,,5763,406.3,111,57.77417,-5.10472,https://tarns.netlify.app/?id=978,"https://www.google.com/maps/@?api=1&map_action=map&center=57.77417,-5.10472&zoom=15&basemap=satellite",0.689,1.42,0.58
979,Lochan Meall a'Mhadaidh,Scotland,lake,73202,406.3,612,56.81055,-5.7408,https://tarns.netlify.app/?id=979,"https://www.google.com/maps/@?api=1&map_action=map&center=56.81055,-5.7408&zoom=15&basemap=satellite",0.491,2.51,7.32
980,(unnamed),Scotland,lake,40062,406.2,397,57.25804,-4.91662,https://tarns.netlify.app/?id=980,"https://www.google.com/maps/@?api=1&map_action=map&center=57.25804,-4.91662&zoom=15&basemap=satellite",0.475,1.14,4.01
981,(unnamed),Scotland,pond,10881,406.2,198,58.27859,-3.84788,https://tarns.netlify.app/?id=981,"https://www.google.com/maps/@?api=1&map_action=map&center=58.27859,-3.84788&zoom=15&basemap=satellite",0.613,2.22,1.09
982,(unnamed),Scotland,,5908,406.0,114,58.17329,-4.934,https://tarns.netlify.app/?id=982,"https://www.google.com/maps/@?api=1&map_action=map&center=58.17329,-4.934&zoom=15&basemap=satellite",0.762,1.5,0.59
983,(unnamed),Scotland,,33074,405.9,261,55.72862,-6.15561,https://tarns.netlify.app/?id=983,"https://www.google.com/maps/@?api=1&map_action=map&center=55.72862,-6.15561&zoom=15&basemap=satellite",0.701,1.39,3.31
984,(unnamed),Wales,,8804,405.5,151,52.09302,-3.4246,https://tarns.netlify.app/?id=984,"https://www.google.com/maps/@?api=1&map_action=map&center=52.09302,-3.4246&zoom=15&basemap=satellite",0.677,1.58,0.88
985,(unnamed),Scotland,,16172,405.3,245,56.77739,-3.69816,https://tarns.netlify.app/?id=985,"https://www.google.com/maps/@?api=1&map_action=map&center=56.77739,-3.69816&zoom=15&basemap=satellite",0.716,2.67,1.62
986,(unnamed),Scotland,,7615,405.3,204,56.60727,-5.32287,https://tarns.netlify.app/?id=986,"https://www.google.com/maps/@?api=1&map_action=map&center=56.60727,-5.32287&zoom=15&basemap=satellite",0.635,3.46,0.76
987,Llyn Manod,Wales,,81555,405.1,529,52.98562,-3.91208,https://tarns.netlify.app/?id=987,"https://www.google.com/maps/@?api=1&map_action=map&center=52.98562,-3.91208&zoom=15&basemap=satellite",0.642,2.15,8.16
988,(unnamed),Scotland,lake,8378,405.1,124,58.27778,-3.85283,https://tarns.netlify.app/?id=988,"https://www.google.com/maps/@?api=1&map_action=map&center=58.27778,-3.85283&zoom=15&basemap=satellite",0.745,1.15,0.84
989,(unnamed),Scotland,,5196,405.0,107,56.2238,-5.24223,https://tarns.netlify.app/?id=989,"https://www.google.com/maps/@?api=1&map_action=map&center=56.2238,-5.24223&zoom=15&basemap=satellite",0.733,1.62,0.52
990,(unnamed),Scotland,,20667,405.0,260,56.93115,-5.78585,https://tarns.netlify.app/?id=990,"https://www.google.com/maps/@?api=1&map_action=map&center=56.93115,-5.78585&zoom=15&basemap=satellite",0.711,2.31,2.07
991,(unnamed),Scotland,,5284,405.0,135,57.85888,-5.18502,https://tarns.netlify.app/?id=991,"https://www.google.com/maps/@?api=1&map_action=map&center=57.85888,-5.18502&zoom=15&basemap=satellite",0.599,1.97,0.53
992,(unnamed),Scotland,,6390,404.9,173,57.65737,-5.28095,https://tarns.netlify.app/?id=992,"https://www.google.com/maps/@?api=1&map_action=map&center=57.65737,-5.28095&zoom=15&basemap=satellite",0.493,2.23,0.64
993,Uri Loch,Scotland,,28067,404.8,364,55.50512,-5.16456,https://tarns.netlify.app/?id=993,"https://www.google.com/maps/@?api=1&map_action=map&center=55.50512,-5.16456&zoom=15&basemap=satellite",0.53,2.4,2.81
994,Llyn Dubach,Wales,,10254,404.7,151,52.96425,-3.86962,https://tarns.netlify.app/?id=994,"https://www.google.com/maps/@?api=1&map_action=map&center=52.96425,-3.86962&zoom=15&basemap=satellite",0.771,1.7,1.03
995,Rhaslas Pond,Wales,pond,123261,404.6,493,51.75601,-3.31304,https://tarns.netlify.app/?id=995,"https://www.google.com/maps/@?api=1&map_action=map&center=51.75601,-3.31304&zoom=15&basemap=satellite",0.697,1.02,12.33
996,Loch Cadh' an Eididh,Scotland,lake,36982,404.6,429,57.4565,-5.49104,https://tarns.netlify.app/?id=996,"https://www.google.com/maps/@?api=1&map_action=map&center=57.4565,-5.49104&zoom=15&basemap=satellite",0.576,2.86,3.7
997,Lochan a' Chairn,Scotland,lake,142235,404.4,664,57.82397,-4.49987,https://tarns.netlify.app/?id=997,"https://www.google.com/maps/@?api=1&map_action=map&center=57.82397,-4.49987&zoom=15&basemap=satellite",0.641,1.84,14.22
998,(unnamed),Scotland,lake,18401,404.4,297,56.2976,-5.04909,https://tarns.netlify.app/?id=998,"https://www.google.com/maps/@?api=1&map_action=map&center=56.2976,-5.04909&zoom=15&basemap=satellite",0.553,2.51,1.84
999,Llyn Arenig-Fawr,Wales,,351450,404.1,803,52.92735,-3.71691,https://tarns.netlify.app/?id=999,"https://www.google.com/maps/@?api=1&map_action=map&center=52.92735,-3.71691&zoom=15&basemap=satellite",0.827,1.26,35.15
1000,(unnamed),Scotland,,10149,404.0,162,57.78909,-5.11658,https://tarns.netlify.app/?id=1000,"https://www.google.com/maps/@?api=1&map_action=map&center=57.78909,-5.11658&zoom=15&basemap=satellite",0.674,1.18,1.01
1001,Lochan Feith an Leothaid,Scotland,,5287,403.8,116,58.23383,-4.89959,https://tarns.netlify.app/?id=1001,"https://www.google.com/maps/@?api=1&map_action=map&center=58.23383,-4.89959&zoom=15&basemap=satellite",0.681,1.57,0.53
1002,(unnamed),Scotland,lake,5946,403.8,180,58.34648,-4.7297,https://tarns.netlify.app/?id=1002,"https://www.google.com/maps/@?api=1&map_action=map&center=58.34648,-4.7297&zoom=15&basemap=satellite",0.706,3.8,0.59
1003,(unnamed),Scotland,,13232,403.8,193,58.27878,-4.98795,https://tarns.netlify.app/?id=1003,"https://www.google.com/maps/@?api=1&map_action=map&center=58.27878,-4.98795&zoom=15&basemap=satellite",0.694,1.94,1.32
1004,(unnamed),Scotland,lake,18085,403.7,212,57.62761,-4.63937,https://tarns.netlify.app/?id=1004,"https://www.google.com/maps/@?api=1&map_action=map&center=57.62761,-4.63937&zoom=15&basemap=satellite",0.666,1.53,1.81
1005,Greendale Tarn,England,,21982,403.7,276,54.45537,-3.31677,https://tarns.netlify.app/?id=1005,"https://www.google.com/maps/@?api=1&map_action=map&center=54.45537,-3.31677&zoom=15&basemap=satellite",0.748,2.6,2.2
1006,(unnamed),Scotland,,5485,403.6,118,58.40717,-4.72207,https://tarns.netlify.app/?id=1006,"https://www.google.com/maps/@?api=1&map_action=map&center=58.40717,-4.72207&zoom=15&basemap=satellite",0.732,1.85,0.55
1007,(unnamed),Scotland,,31645,403.5,336,57.78362,-5.12082,https://tarns.netlify.app/?id=1007,"https://www.google.com/maps/@?api=1&map_action=map&center=57.78362,-5.12082&zoom=15&basemap=satellite",0.615,2.14,3.16
1008,(unnamed),Scotland,lake,5698,403.4,174,56.78183,-5.6772,https://tarns.netlify.app/?id=1008,"https://www.google.com/maps/@?api=1&map_action=map&center=56.78183,-5.6772&zoom=15&basemap=satellite",0.534,2.74,0.57
1009,(unnamed),Scotland,,36405,403.3,278,56.05266,-5.8547,https://tarns.netlify.app/?id=1009,"https://www.google.com/maps/@?api=1&map_action=map&center=56.05266,-5.8547&zoom=15&basemap=satellite",0.669,1.13,3.64
1010,(unnamed),Scotland,,6509,403.3,127,56.05304,-5.85701,https://tarns.netlify.app/?id=1010,"https://www.google.com/maps/@?api=1&map_action=map&center=56.05304,-5.85701&zoom=15&basemap=satellite",0.623,1.53,0.65
1011,Llyn y Fran,Wales,,14254,403.1,175,52.81463,-3.9309,https://tarns.netlify.app/?id=1011,"https://www.google.com/maps/@?api=1&map_action=map&center=52.81463,-3.9309&zoom=15&basemap=satellite",0.71,1.21,1.43
1012,(unnamed),Scotland,,19036,403.0,193,57.78033,-5.39567,https://tarns.netlify.app/?id=1012,"https://www.google.com/maps/@?api=1&map_action=map&center=57.78033,-5.39567&zoom=15&basemap=satellite",0.662,1.18,1.9
1013,Loch Toll a' Mhadaidh,Scotland,,246085,403.0,1032,57.77529,-5.38794,https://tarns.netlify.app/?id=1013,"https://www.google.com/maps/@?api=1&map_action=map&center=57.77529,-5.38794&zoom=15&basemap=satellite",0.512,2.19,24.61
1014,Loch Toll an Lochain,Scotland,,36065,402.8,283,57.77281,-5.31895,https://tarns.netlify.app/?id=1014,"https://www.google.com/maps/@?api=1&map_action=map&center=57.77281,-5.31895&zoom=15&basemap=satellite",0.714,1.57,3.61
1015,(unnamed),Scotland,,5516,402.6,124,57.63337,-5.27529,https://tarns.netlify.app/?id=1015,"https://www.google.com/maps/@?api=1&map_action=map&center=57.63337,-5.27529&zoom=15&basemap=satellite",0.659,1.36,0.55
1016,(unnamed),Scotland,,9887,402.3,192,56.17264,-5.30217,https://tarns.netlify.app/?id=1016,"https://www.google.com/maps/@?api=1&map_action=map&center=56.17264,-5.30217&zoom=15&basemap=satellite",0.567,2.1,0.99
1017,(unnamed),Scotland,pond,37937,402.0,473,57.93096,-5.04195,https://tarns.netlify.app/?id=1017,"https://www.google.com/maps/@?api=1&map_action=map&center=57.93096,-5.04195&zoom=15&basemap=satellite",0.371,2.19,3.79
1018,(unnamed),Scotland,pond,15295,401.8,281,57.93461,-5.04353,https://tarns.netlify.app/?id=1018,"https://www.google.com/maps/@?api=1&map_action=map&center=57.93461,-5.04353&zoom=15&basemap=satellite",0.765,3.9,1.53
1019,Gorm-loch na Beinne,Scotland,,46829,401.8,462,57.61257,-5.51225,https://tarns.netlify.app/?id=1019,"https://www.google.com/maps/@?api=1&map_action=map&center=57.61257,-5.51225&zoom=15&basemap=satellite",0.504,1.91,4.68
1020,(unnamed),Scotland,,15846,401.7,197,56.16826,-5.31381,https://tarns.netlify.app/?id=1020,"https://www.google.com/maps/@?api=1&map_action=map&center=56.16826,-5.31381&zoom=15&basemap=satellite",0.569,1.25,1.58
1021,(unnamed),Scotland,lake,14426,401.5,174,57.87563,-5.04031,https://tarns.netlify.app/?id=1021,"https://www.google.com/maps/@?api=1&map_action=map&center=57.87563,-5.04031&zoom=15&basemap=satellite",0.727,1.37,1.44
1022,Loch Coire na Ba Buiche,Scotland,,38751,401.4,404,57.87939,-5.03678,https://tarns.netlify.app/?id=1022,"https://www.google.com/maps/@?api=1&map_action=map&center=57.87939,-5.03678&zoom=15&basemap=satellite",0.629,2.64,3.88
1023,(unnamed),Scotland,,19000,401.4,252,56.17042,-5.30222,https://tarns.netlify.app/?id=1023,"https://www.google.com/maps/@?api=1&map_action=map&center=56.17042,-5.30222&zoom=15&basemap=satellite",0.59,1.96,1.9
1024,Loch na Tota,Scotland,,17302,401.2,178,56.75754,-4.67518,https://tarns.netlify.app/?id=1024,"https://www.google.com/maps/@?api=1&map_action=map&center=56.75754,-4.67518&zoom=15&basemap=satellite",0.712,1.3,1.73
1025,(unnamed),Scotland,,5096,401.1,118,57.81817,-5.09885,https://tarns.netlify.app/?id=1025,"https://www.google.com/maps/@?api=1&map_action=map&center=57.81817,-5.09885&zoom=15&basemap=satellite",0.715,1.96,0.51
1026,(unnamed),Wales,pond,5199,400.8,116,51.80389,-3.19058,https://tarns.netlify.app/?id=1026,"https://www.google.com/maps/@?api=1&map_action=map&center=51.80389,-3.19058&zoom=15&basemap=satellite",0.736,1.58,0.52
